name,old_price,new_price,change_percent
FENTY BEAUTY Diamond Bomb - Pink Ice (8 g),3580.0,4475.0,25.0
Smashbox Halo Healthy Glow Tinted Moisturizer Broad Spectrum SPF 25 - Medium (40ml),2737.0,3650.0,33.36
FENTY BEAUTY Match Stix Matte Contour Skinstick - Truffle (7.1 g),2740.0,3425.0,25.0
Too Faced Cloud Crush Blush - Head in the clouds (5 g),2400.0,3000.0,25.0
Smashbox Halo Healthy Glow Tinted Moisturizer Broad Spectrum SPF 25 - Light Medium (40ml),2767.0,3690.0,33.36
FENTY BEAUTY Match Stix Ph Color-Shifting Skinstick - Strawberry Pop (7.1 g),2660.0,3325.0,25.0
FENTY BEAUTY Match Stix Matte Contour Skinstick - Amber Suede (7.1 g),2740.0,3425.0,25.0
Smashbox The Original Photo Finish Smooth & Blur Foundation Primer with Vitamin A & E (30 ml),2767.0,3690.0,33.36
Lakme Unreal Blur Perfect Primer Mattifies & Blurs Pores (30 ml),332.0,359.0,8.13
KIKO Milano Skin Lover Refining Face Powder Foundation - 03 Rosy Milk (10 g),1521.0,1611.0,5.92
Charmacy Milano Matte Foundation - 01 (30ml),967.0,989.0,2.28
FENTY BEAUTY Mini Invisimatte Instant Setting + Blotting Powder - Universal (3.52 g),1660.0,2075.0,25.0
FENTY BEAUTY Diamond Bomb - Lavender Luv'R (8 g),3580.0,4475.0,25.0
Akind Drop A Hint Hydrating Skin Tint SPF 30 PA+++ Dewy Skin & Sun Protection - 140 Beige (30ml),397.0,477.0,20.15
Charmacy Milano Matte Foundation - 06 (30ml),967.0,989.0,2.28
M.A.C Studio Fix Powder Plus Foundation - NC35 (12 g),2550.0,3000.0,17.65
Swiss Beauty Pearl Illuminator Makeup Base - 01 Golden Pink (35g),246.0,263.0,6.91
Renee Cosmetics Pro Banana Powder - Medium (10 g),341.0,357.0,4.69
Smashbox Halo Healthy Glow Tinted Moisturizer Broad Spectrum SPF 25 - Light Neutral (40ml),2737.0,3650.0,33.36
Benefit Cosmetics The POREfessional Power Mini (4 g),1791.0,1990.0,11.11
FENTY BEAUTY Match Stix Matte Contour Skinstick - Suedish (7.1 g),2740.0,3425.0,25.0
FENTY BEAUTY Eaze Drop Blurring Skin Tint - 10 (32 ml),3320.0,4150.0,25.0
KIKO Milano So Chic Trio Blush - 02 Velvet Peach (4.5 ml),1266.0,1341.0,5.92
RENEE Face Gloss With Hyaluronic Acid Face Primer - Rose Gold (10ml),461.0,479.0,3.9
Charmacy Milano Matte Foundation - 02 (30ml),967.0,989.0,2.28
RENEE Bollywood Filter (45 g),637.0,232.0,-63.58
Too Faced Cloud Crush - Headliner (4.3 g),2040.0,2550.0,25.0
M.A.C Mineralize Skinfinish Highlighter - Lightscapade (10 g),3000.0,4000.0,33.33
Benefit Cosmetics Hoola Matte Mini Bronzer - Brown (2.5g),1791.0,1990.0,11.11
Too Faced Born This Way Super Coverage Multi Use Sculpting Concealer- Natural Beige (13.5ml),2100.0,2800.0,33.33
M.A.C Sheertone Blush - Peaches (6g),2480.0,3100.0,25.0
Armani Luminous Silk Perfect Natural Glow Foundation - 5.5-Medium Peach (30 ml),4760.0,5600.0,17.65
KIKO Milano Universal Veil Translucent Finishing Powder - White (9.7 g),1317.0,1395.0,5.92
M.A.C Studio Fix Powder Plus Foundation - NC38 (12 g),2550.0,3000.0,17.65
Swiss Beauty Round the Clock Makeup Setting Spray - Transparent (100 ml),246.0,263.0,6.91
M.A.C Studio Fix Powder Plus Foundation - NC20 (12 g),2550.0,3000.0,17.65
FENTY BEAUTY Grip Trip Hydrating + Plumping Primer (30 g),3080.0,3850.0,25.0
Daily Life Forever52 Glow & Prep Makeup Primer (60 ml),571.0,483.0,-15.41
Bobbi Brown Weightless Skin Natural Matte Finish Foundation SPF 15 - Warm Natural (30 ml),3712.0,4950.0,33.35
Lakme 9to5 Unreal Dual Cover Pressed Powder 2 In 1 Compact + Foundation - 10 Ivory (9 g),231.0,250.0,8.23
M.A.C Studio Fix Powder Plus Foundation - NC30 (12 g),2550.0,2700.0,5.88
Armani Luminous Silk Perfect Natural Glow Foundation - 6-Medium Olive (30 ml),4760.0,5600.0,17.65
Lancome La Base Pro Face Primer - Clear (25ml),2800.0,3150.0,12.5
RENEE Makeup Fix Setting Spray (60ml),327.0,339.0,3.67
M.A.C Prep + Prime Fix+ Setting Spray - Magic Radiance (100 ml),2250.0,3000.0,33.33
Maybelline New York Fit Me 12Hr Oil Control Compact SPF 28 - 128 Warm Nude (8g),223.0,221.0,-0.9
FAE Beauty Face Card Skin Tint Serum Foundation Trial Kit - Light (6 pcs),280.0,350.0,25.0
FENTY BEAUTY Cheeks Out Freestyle Cream Blush - Riri (3 g),2500.0,3125.0,25.0
FAE Beauty Face Card Skin Tint Serum Foundation Trial Kit - Medium to Tan (6 pcs),280.0,350.0,25.0
Armani Luminous Silk Perfect Natural Glow Foundation - 2-Fair Peach (30 ml),4760.0,5600.0,17.65
Too Faced Cloud Crush Blush - Velvet Crush (5 g),2400.0,3000.0,25.0
FENTY BEAUTY Match Stix Matte Contour Skinstick - Soft Amber (7.1 g),2740.0,3082.0,12.48
Benefit Cosmetics The POREfessional Face Primer Mini - Transparent (7.5ml),1386.0,1540.0,11.11
M.A.C Studio Fix Powder Plus Foundation - NC42 (12 g),2890.0,2700.0,-6.57
M.A.C Studio Radiance Serum Powered Foundation - NC15 (30 ml),3225.0,4300.0,33.33
Lakme 9 to 5 Powerplay Matte Compact Oil Control Formula with Vitamin E - Melon (8 g),212.0,230.0,8.49
Charmacy Milano Matte Foundation - 03 (30ml),967.0,989.0,2.28
M.A.C Studio Fix Fluid SPF 15 Foundation - NC41 (30 ml),3000.0,3200.0,6.67
Lakme Xtraordin-airy Compact 2 In 1 Compact + Foundation Lightweight SPF17 - 01 Ivory Fair (9 g),370.0,399.0,7.84
FENTY BEAUTY Grip Trip Mattifying + Blurring Primer (30 ml),3080.0,3850.0,25.0
The Face Shop Rice Water Bright Light Cleansing Oil - Korean Makeup Remover for heavy makeup (55ml),439.0,466.0,6.15
FAE Beauty Face Card Skin Tint Serum Foundation Trial Kit - Light to Medium (6 pcs),280.0,350.0,25.0
Pilgrim Highlighter Duo - The Gold Rhythm (11 g),484.0,558.0,15.29
Swiss Beauty High Coverage Waterproof Base Foundation - N07 Natural Buff (55g),321.0,334.0,4.05
Insight Cosmetics Blusher - Soft Salmon (3.5g),94.0,85.0,-9.57
Too Faced Cloud Crush - Milk & Cookies (4.3 g),2040.0,2550.0,25.0
Charmacy Milano Matte Foundation - 05 (30ml),967.0,989.0,2.28
M.A.C Studio Fix Fluid SPF 15 Foundation - NC35 (30 ml),3000.0,4000.0,33.33
Benefit Cosmetics High Beam Liquid Highlighter - Satiny Pink (6ml),2205.0,2450.0,11.11
Benefit Cosmetics Cookie Highlighter - Golden Pearl (8g),3330.0,3700.0,11.11
Lakme Unreal Glow Primer (30 g),332.0,359.0,8.13
KIKO Milano Velvet Touch Creamy Stick Blush New 2016 - 06 Geranium (10 g),977.0,1035.0,5.94
FENTY BEAUTY Match Stix Matte Contour Skinstick - Amber (7.1 g),2740.0,3425.0,25.0
RENEE You Are Blushing Liquid Blush - Rosy Haze (6 ml),378.0,391.0,3.44
M.A.C Studio Fix Fluid SPF 15 Foundation - NC25 (30 ml),2550.0,3400.0,33.33
Swiss Beauty Studio Finish Primer Matte & Poreless (30ml),299.0,319.0,6.69
Lakme Powerplay Priming Powder Foundation 3-in-1 Lasting Matte Dry/Oily Skin - Ivory Cream (9 g),221.0,239.0,8.14
Innisfree No-Sebum Mineral Pact (8.5 g),712.0,807.0,13.34
Swiss Beauty High Coverage Waterproof Base Foundation - 06 Medium Beige (55g),321.0,334.0,4.05
Akind Drop A Hint Hydrating Skin Tint SPF 30 PA+++ Dewy Skin & Sun Protection - 120 Vanilla (30ml),397.0,477.0,20.15
Charmacy Milano Baked Illuminator No. 3 - (4gm),620.0,636.0,2.58
Innisfree No Sebum Moisture Powder (5 g),450.0,540.0,20.0
Lakme Xtraordin-airy Compact 2 In 1 Compact + Foundation Lightweight SPF17 - 03 Golden Medium (9 g),325.0,351.0,8.0
Lakme Facelift Multislayer Contour Stick - Bold drama Neutral Medium (11 g),360.0,390.0,8.33
Renee Everyday Primer - Clear (30 ml),219.0,226.0,3.2
Lakme 9to5 Powerplay Mousse Foundation - Beige Vanilla (25 g),277.0,300.0,8.3
Innisfree No-Sebum AC Powder - White (5 g),495.0,561.0,13.33
KIKO Milano Smart Blush - 09 Pearly Chocolate (6 g),637.0,675.0,5.97
Swiss Beauty Make Up Base Prep Cover Combo,628.0,676.0,7.64
KIRO Wonder Wand Multi Stick - Pink Opal (7.5 g),595.0,680.0,14.29
Estee Lauder Double Wear Stay-in-Place Foundation SPF10 - 0N1 Alabaster (30 ml),3910.0,4600.0,17.65
KIKO Milano Irresistible Total Look Face Powder Palette - 02 Medium-Dark (16 g),2167.0,2295.0,5.91
KIKO Milano Irresistible Total Look Face Powder Palette - 01 Light-Medium (16 g),2167.0,2295.0,5.91
FENTY BEAUTY Killawatt Highlighter Duo - Lightning Dust/Fire Crystal (7 g),3320.0,4150.0,25.0
KIKO Milano So Chic Trio Blush - 04 Ruby Bliss (4.5 ml),1266.0,1341.0,5.92
"Pilgrim 3-in-1 Face Palette Blush, Highlighter & Contour - Bold Charme (12 g)",540.0,596.0,10.37
RENEE Face Base Liquid Foundation - Cappuccino (23ml),562.0,585.0,4.09
Armani Luminous Silk Perfect Natural Glow Foundation - 5-Light Neutral (30 ml),4760.0,5600.0,17.65
Benefit Cosmetics The POREfessional Face Primer - Transparent (22ml),3330.0,3700.0,11.11
Laneige Neo Essential Blurring Finish Powder - Transparent (7 g),1317.0,1395.0,5.92
Too Faced Cloud Crush Blush - Candy Clouds (5 g),2400.0,3000.0,25.0
FENTY BEAUTY Match Stix Matte Contour Skinstick - Mocha (7.1 g),2740.0,3425.0,25.0
M.A.C Studio Radiance 24Hr Luminous Lift Concealer - NW35 (11 ml),2480.0,3100.0,25.0
Swiss Beauty High Coverage Waterproof Base Foundation - 08 Sun Beige (55g),321.0,334.0,4.05
Swiss Beauty High Coverage Waterproof Base Foundation - White Ivory (60 g),321.0,334.0,4.05
Innisfree No Sebum Blur Primer – Smooth Pore Coverage & Soft Base (25 ml),712.0,807.0,13.34
Too Faced Born This Way Super Coverage Multi Use Sculpting Concealer- Sand (13.5ml),2100.0,2800.0,33.33
Swiss Beauty Matte Makeup Fixer - (70 ml),216.0,245.0,13.43
KIKO Milano Daily Protection BB Cream - 02 Porcelain (30 ml),1147.0,1215.0,5.93
M.A.C Studio Fix Powder Plus Foundation - NC40 (12 g),2550.0,3000.0,17.65
M.A.C Studio Radiance 24Hr Luminous Lift Concealer - NC15 (11 ml),2480.0,3100.0,25.0
Lakme Xtraordin-airy Compact 2 In 1 Compact + Foundation Lightweight SPF17 - Rose Fair (9 g),325.0,351.0,8.0
Lakme Unreal Undercover Gel Primer Enriched with Viitamin E (30 ml),332.0,359.0,8.13
Too Faced Cloud Crush Blush - Watermelon rain (4.8g),2400.0,3000.0,25.0
Too Faced Born This Way Super Coverage Multi Use Sculpting Concealer- Light Beige (13.5ml),2100.0,2800.0,33.33
M.A.C Studio Radiance Serum Powered Foundation - NC20 (30ml),3225.0,4300.0,33.33
M.A.C Matte Powder Blush - Mocha (6g),2480.0,3100.0,25.0
Too Faced Cloud Crush Blush - Tequila Sunset (4.8g),2400.0,3000.0,25.0
Too Faced Born This Way Super Coverage Multi Use Sculpting Concealer- Vanilla (13.5ml),2100.0,2800.0,33.33
Swiss Beauty Bake It Away Loose Powder - 01 Banana (28g),246.0,256.0,4.07
Too Faced Born This Way Foundation - Vanilla (30 ml),3160.0,3950.0,25.0
Pilgrim Serum Foundation - Natural Almond (30 g),451.0,521.0,15.52
Renee Cosmetics Pro Banana Powder - Light (10 g),371.0,389.0,4.85
Lakme Facelift Multislayer Contour Stick - Define Diva Neutral Light (11 g),360.0,390.0,8.33
M.A.C Studio Fix Fluid SPF 15 Foundation - NC30 (30 ml),2550.0,3400.0,33.33
Armani Luminous Silk Perfect Natural Glow Foundation - 4-Light Golden (30 ml),4462.0,5600.0,25.5
Armani Luminous Silk Hydrating & Brightening Concealer - 4.5-Light To Medium Neutral (12 ml),2847.0,3350.0,17.67
Lakme 9to5 Powerplay Priming Concealer Built in Primer Hydrating - 16 Sand (5.4 ml),231.0,250.0,8.23
Swiss Beauty Liquid Lightweight Concealer With Full Coverage - 11 Creamy Beige (6 g),186.0,199.0,6.99
Benefit Cosmetics Dandelion Twinkle Soft Mini Highlighter - Nude Pink (1.5g),1791.0,1990.0,11.11
Smashbox The Original Photo Finish Smooth & Blur Foundation Primer - Jumbo Size (50 ml),3562.0,4750.0,33.35
FENTY BEAUTY You Mist Makeup-Extending Setting Spray (100 ml),2660.0,3325.0,25.0
Mamaearth Glow Serum Foundation - 01 Ivory Glow (30ml),503.0,527.0,4.77
Charmacy Milano Set & Fix Loose Powder - (16gm),922.0,945.0,2.49
Swiss Beauty Liquid Lightweight Concealer With Full Coverage - 10 Porcelain (6 g),186.0,199.0,6.99
Swiss Beauty Liquid Concealer - 03 Light Moyen (6g),186.0,211.0,13.44
KIKO Milano Skin Hybrid Blurring Skin Tint Foundation SPF 30 - 07 Cocoa (30 ml),1402.0,1485.0,5.92
The Face Shop Rice Water Bright Light Cleansing Oil - Korean Makeup Remover for heavy makeup (150ml),1079.0,1146.0,6.21
"Lakme 9 to 5 Powerplay Matte Compact, Oil Control Formula, With Vitamin E, Almond (8 g)",212.0,230.0,8.49
Renee Everyday Makeup Fixer - Transparent (50 ml),183.0,190.0,3.83
Lakme Powerplay Priming Powder Foundation 3-in-1 Lasting Matte Dry/Oily Skin - Silky Golden (9 g),227.0,245.0,7.93
Lakme 9to5 Hya Matte Foundation + Hyaluronic Acid - Cool Ivory (25 ml),584.0,539.0,-7.71
Swiss Beauty Liquid Lightweight Concealer With Full Coverage - 13 Classic Nude (6 g),186.0,199.0,6.99
Too Faced Born This Way Super Coverage Multi Use Sculpting Concealer - Swan (13.5ml),2100.0,2800.0,33.33
Too Faced Born This Way Super Coverage Multi Use Sculpting Concealer- Warm Beige (13.5ml),2100.0,2800.0,33.33
KIKO Milano Velvet Touch Creamy Stick Blush New 2016 - 08 Rose Mauve (10 g),977.0,1035.0,5.94
Too Faced Born This Way Super Coverage Multi Use Sculpting Concealer- Shortbread (13.5ml),2100.0,2800.0,33.33
M.A.C Glow Play Blush - Ginger Luck (7.3 g),3040.0,3800.0,25.0
Swiss Beauty Liquid Concealer - 01 Warm Sand (6g),186.0,199.0,6.99
FENTY BEAUTY We're Even Hydrating Concealer - 230W (9 ml),2740.0,2911.0,6.24
KIKO Milano Daily Protection BB Cream - 01 Ivory (30 ml),1147.0,1215.0,5.93
Lakme Xtraordin-airy Mattereal Mousse Foundation Matte Finish Has SPF8 - 05 Beige Honey (25 g),369.0,399.0,8.13
Yves Saint Laurent All Hours Concealer - LN1 (15 ml),3420.0,2880.0,-15.79
Too Faced Born This Way Super Coverage Multi Use Sculpting Concealer- Warm Sand (13.5ml),2100.0,2800.0,33.33
Swiss Beauty Liquid Lightweight Concealer With Full Coverage - 14 Warm Honey (6 g),186.0,199.0,6.99
FAE BEAUTY Lush Blush - Wifey (5.5 ml),479.0,509.0,6.26
FENTY BEAUTY Soft'Lit Naturally Luminous Foundation - 240 (32 ml),3500.0,4375.0,25.0
Lakme Xtraordin-airy Compact 2 In 1 Compact + Foundation Lightweight SPF17 - 05 Beige Honey (9 g),325.0,351.0,8.0
Swiss Beauty Liquid Concealer - 02 Sand Sable (6g),186.0,211.0,13.44
KIKO Milano Hydrating And Perfecting Face Base Primer - Blue (30 ml),1317.0,1395.0,5.92
Pilgrim BB Cream With SPF 50 PA++++ - Beige Glow (30 g),276.0,316.0,14.49
KIKO Milano Unlimited Blush - 12 Natural Pink (6 g),1011.0,1071.0,5.93
M.A.C Studio Fix Fluid SPF 15 Foundation - NC42 (30 ml),2550.0,3400.0,33.33
Renee Everyday CC+BB Cream - Classic Frappe (20 g),211.0,219.0,3.79
KIKO Milano Daily Protection BB Cream - 03 Honey (30 ml),1096.0,1161.0,5.93
Swiss Beauty Cream It Up Blush - Copper Cheeks (10 ml),224.0,254.0,13.39
M.A.C Studio Fix Powder Plus Foundation - NC43.5 (12 g),2550.0,3000.0,17.65
Too Faced Born This Way Super Coverage Multi Use Sculpting Concealer- Cloud (13.5ml),2100.0,2800.0,33.33
Too Faced Chocolate Soleil Multi-Use Creamy Bronzing & Sculpting Stick - Chocolate Caramel (8 g),2800.0,3500.0,25.0
Swiss Beauty Liquid Concealer - 04 Medium Beige (6g),186.0,211.0,13.44
Lakme 9to5 Powerplay Priming Concealer Built in Primer Hydrating - 20 Nude (5.4 ml),212.0,230.0,8.49
Benefit Cosmetics Shellie Warm Blush Mini - Seashell Pink (2.5g),1791.0,1990.0,11.11
Pilgrim Glow Primer (30 g),354.0,408.0,15.25
Too Faced Chocolate Soleil Multi-Use Creamy Bronzing & Sculpting Stick - Chocolate Mousse (8 g),2800.0,3500.0,25.0
Swiss Beauty Liquid Concealer - Orange (5.6g),186.0,211.0,13.44
Lakme 9to5 Unreal Dual Cover Pressed Powder 2 In 1 Compact + Foundation - 24 Beige (9 g),231.0,250.0,8.23
Charmacy Milano Matte Foundation - 11 Shade (30ml),967.0,989.0,2.28
Too Faced Born This Way Super Coverage Multi Use Sculpting Concealer- Golden Beige (13.5ml),2100.0,2800.0,33.33
Armani Luminous Silk Hydrating & Brightening Concealer - 6.5-Medium To Tan Neutral (12 ml),2847.0,3350.0,17.67
Pilgrim Serum Foundation - Warm Sand (30 g),451.0,521.0,15.52
"Fixderma Cosmetic Laboratories Bi-Phasic Instant Makeup Remover, Removes Eye & Lip Makeup (200ml)",633.0,676.0,6.79
Swiss Beauty Shiny Pearl Water Drop Blemish Balm BB Foundation - 03 Shade (40ml),171.0,194.0,13.45
Daily Life Forever52 Ultra Definition Liquid Foundation - FLF005 Milk Cake (30 ml),967.0,1055.0,9.1
RENEE You Are Blushing Liquid Blush - Sunset Kiss (6 ml),378.0,391.0,3.44
KIKO Milano Daily Protection BB Cream - 04 Warm Almond (30 ml),1147.0,1215.0,5.93
Swiss Beauty Shiny Pearl Water Drop Blemish Balm BB Foundation - 02 Shade (40ml),171.0,194.0,13.45
Lakme Xtraordin-airy Mattereal Mousse Foundation Matte Finish Has SPF8 - 04 Golden Light (25 g),369.0,399.0,8.13
KIKO Milano Unlimited Matte Longlasting Loose Powder - 02 Neutral (9 g),1317.0,1395.0,5.92
Lakme Xtraordin-airy Mattereal Mousse Foundation Matte Finish Has SPF8 - 02 Rose Creme (25 g),369.0,399.0,8.13
Pilgrim Serum Foundation - Classic Nude (30 ml),451.0,521.0,15.52
"M.A.C Extra Dimension Skinfinish - Oh, Darling (9g)",3000.0,4000.0,33.33
Insight Cosmetics Dewy Finish HD Foundation - MNY 20 (20ml),283.0,261.0,-7.77
Lakme Xtraordin-airy Mattereal Mousse Foundation Matte Finish Has SPF8 - 01 Classic Ivory (25 g),369.0,399.0,8.13
Lakme Xtraordin-airy Mattereal Mousse Foundation Matte Finish Has SPF8 - 03 Golden Sand (25 g),369.0,399.0,8.13
KIKO Milano Matte Fusion Pressed Powder Compact - 05 Peach Rose (12 g),1181.0,1251.0,5.93
Akind Drop A Hint Hydrating Skin Tint SPF 30 PA+++ Dewy Skin & Sun Protection - 150 Honey (30ml),397.0,477.0,20.15
The Face Shop Rice Water Bright Rich Cleansing Oil (150ml),1031.0,1160.0,12.51
Pilgrim Serum Foundation - Pure Ivory (30 g),451.0,521.0,15.52
KIKO Milano Kind Powder Duo Blush 01 (6 g),1657.0,1755.0,5.91
Too Faced Born This Way Super Coverage Multi Use Sculpting Concealer- Porcelain (13.5ml),2100.0,2800.0,33.33
Benefit Cosmetics The Porefessional Matte Primer (22 ml),3240.0,3600.0,11.11
Too Faced Born This Way Super Coverage Multi Use Sculpting Concealer- Cookie (13.5ml),2100.0,2800.0,33.33
KIKO Milano Glow Fusion Powder Highlighter - 02 Heavenly Gold (5 g),1096.0,1161.0,5.93
Swiss Beauty Airbrush Foundation - Fair Ivory (30 ml),396.0,423.0,6.82
FAE BEAUTY Lush Blush - Saucy (5.5 ml),479.0,509.0,6.26
FAE BEAUTY Lush Blush - Lazy (5.5 ml),479.0,419.0,-12.53
Lakme 9to5 Powerplay Priming Concealer Built in Primer Hydrating - 10 Ivory (5.4 ml),231.0,250.0,8.23
Pilgrim Serum Foundation - Golden Beige (30 g),382.0,451.0,18.06
FAE BEAUTY Lush Blush - Nutty (5.5 ml),479.0,509.0,6.26
Swiss Beauty Airbrush Foundation - Shell White (30 ml),396.0,423.0,6.82
Too Faced Born This Way Super Coverage Multi Use Sculpting Concealer - Almond (13.5ml),2100.0,2240.0,6.67
Swiss Beauty Airbrush Foundation - Golden Beige (30 ml),396.0,423.0,6.82
Swiss Beauty Liquid Concealer - Clair Moyen (5.6g),186.0,211.0,13.44
FAE BEAUTY Lush Blush - Baki (5.5 ml),479.0,419.0,-12.53
Swiss Beauty Liquid Concealer - 07 Yellow (6g),186.0,211.0,13.44
Lakme Xtraordin-airy Mattereal Mousse Foundation Matte Finish Has SPF8 - 06 Almond Honey (25 g),406.0,439.0,8.13
FAE BEAUTY Lush Blush - Witty (5.5 ml),479.0,509.0,6.26
Lakme Showstopper Collection Rouge Bloom Powder Blush Vintage Rose - (12 g),629.0,584.0,-7.15
KIKO Milano Full Coverage Dark Circles Concealer - 03 - Light Neutral (8 ml),1062.0,1125.0,5.93
FAE BEAUTY Lush Blush - Fizzy (5.5 ml),479.0,509.0,6.26
FAE BEAUTY Lush Blush - Spicy (5.5 ml),479.0,509.0,6.26
KIKO Milano Kind Powder Bronzer 01 (6 g),1657.0,1755.0,5.91
Bobbi Brown Skin Full Cover Concealer - Warm Honey (8ml),2917.0,3112.0,6.68
FENTY BEAUTY Soft'Lit Naturally Luminous Foundation - 295 (32 ml),3500.0,4375.0,25.0
Too Faced Born This Way Super Coverage Multi Use Sculpting Concealer- Chestnut (13.5ml),2100.0,2800.0,33.33
M.A.C Studio Fix Powder Plus Foundation - NC25 (12 g),2550.0,3000.0,17.65
Charmacy Milano Matte Foundation - 04 (30ml),967.0,989.0,2.28
KIKO Milano Skin Hybrid Blurring Skin Tint Foundation SPF 30 - 04 Warm Almond (30 ml),1402.0,1485.0,5.92
FENTY BEAUTY Sun Stalk'r Instant Warmth Bronzer - 05 Caramel Cutie (6.23 g),3080.0,3272.0,6.23
Too Faced Cloud Crush - Super Candy Clouds (4.3 g),2040.0,2550.0,25.0
Too Faced Born This Way Super Coverage Multi Use Sculpting Concealer- Butterscotch (13.5ml),2025.0,2700.0,33.33
Too Faced Born This Way Foundation - Light Beige (30 ml),3160.0,3950.0,25.0
Bobbi Brown Highlighting Powder - Pink Glow (8g),4560.0,5700.0,25.0
M.A.C Studio Fix Conceal And Correct Palette - Deep (6 g),4360.0,5450.0,25.0
Too Faced Born This Way Super Coverage Multi Use Sculpting Concealer- Nude (13.5ml),2100.0,2800.0,33.33
Swiss Beauty Pearl Illuminator Makeup Base - 02 Silver Pink (35g),246.0,263.0,6.91
KIRO Glow On The Go 3 -1 Highlighter & Blush - 02 Sundowner Spritz Mid (3.5 ml),595.0,722.0,21.34
Bobbi Brown Skin Corrector Stick - Deep Peach (3 g),2840.0,3550.0,25.0
Charmacy Milano Concealer - C 02 (7 ml),615.0,629.0,2.28
Armani Luminous Silk Glow Blush - 51-Amore (3.6 g),4250.0,5000.0,17.65
KIKO Milano Full Coverage Dark Circles Concealer - 08 - Honey (8 ml),1062.0,1125.0,5.93
M.A.C Studio Fix Powder Plus Foundation - NC15 (12 g),2550.0,3000.0,17.65
KIKO Milano Matte Fusion Pressed Powder - 03 Sienna (12 g),1181.0,1251.0,5.93
FENTY BEAUTY Cheeks Out Freestyle Cream Blush - Raisin Standardz (3 g),2500.0,3125.0,25.0
KIRO Glow On The Go 3 -1 Highlighter & Blush - 01 Celestial Dawn Bright (3.5 ml),595.0,722.0,21.34
KIKO Milano Skin Tone Face Base Primer - Green (30 ml),1096.0,1161.0,5.93
Smashbox Halo Healthy Glow Tinted Moisturizer Broad Spectrum SPF 25 - Tan (40ml),2767.0,2952.0,6.69
Armani Luminous Silk Hydrating & Brightening Concealer - 4-Light Golden (12 ml),3015.0,3350.0,11.11
Renee Cosmetics Pro Banana Powder - Dark (10 g),309.0,324.0,4.85
KIKO Milano Full Coverage 2-In-1 Foundation and Concealer - N25 Neutral (25 ml),1946.0,2061.0,5.91
KIKO Milano Highlighting Effect Fluid Concealer - 02 Ivory (2 ml),807.0,855.0,5.95
Swiss Beauty All-In-One CC Cream - Fair Natural (25 g),261.0,296.0,13.41
Bobbi Brown Sheer Finish Pressed Powder - Soft Sand (9g),3637.0,4850.0,33.35
Lakme 9to5 Powerplay Priming Concealer Built in Primer Hydrating - 30 Cinnamon (5.4 ml),231.0,250.0,8.23
RENEE You Are Glowing Liquid Highlighter - Rose Glow (6 ml),378.0,391.0,3.44
Lakme 9to5 Unreal Dual Cover Pressed Powder 2 In 1 Compact + Foundation - 34 Almond (9 g),231.0,250.0,8.23
KIRO Daily Dewy Serum Foundation - 01 Peachy Ivory (30ml),522.0,475.0,-9.0
Lakme 9to5 Powerplay Mousse Foundation - Rose Ivory (25 g),277.0,300.0,8.3
Huda Beauty Fauxfilter Luminous Matte Concealer - 4.3 Cookie Dough (9ml),2475.0,2700.0,9.09
Swiss Beauty Airbrush Finish Lightweight Foundation - Nude Beige (30 ml),396.0,423.0,6.82
Lakme Powerplay Priming Powder Foundation 3-in-1 Lasting Matte Dry/Oily Skin - Rose Silk (9 g),221.0,239.0,8.14
Lakme 9to5 Powerplay Priming Concealer Built in Primer Hydrating - 34 Almond (5.4 ml),231.0,250.0,8.23
RENEE Everyday Compact - Marble (8 g),191.0,199.0,4.19
Lakme Powerplay Priming Powder Foundation 3-in-1 Lasting Matte Dry/Oily Skin - Natural Almond (9 g),240.0,259.0,7.92
FENTY BEAUTY Soft'Lit Naturally Luminous Foundation - 110 (32 ml),3500.0,3937.0,12.49
FENTY BEAUTY Cheeks Out Freestyle Cream Blush - Petal Poppin (3 g),2500.0,3125.0,25.0
Makeup Revolution Pore Blur Primer - (28ml),539.0,572.0,6.12
Swiss Beauty Glow and Fix Combo,466.0,502.0,7.73
Smashbox X Becca Shimmering Skin Perfector Pressed - Moonstone (7g),2840.0,3550.0,25.0
Yves Saint Laurent All Hours Foundation - MW2 (25 ml),4590.0,4680.0,1.96
FENTY BEAUTY Match Stix Matte Contour Skinstick - Espresso (7.1 g),2740.0,3425.0,25.0
Pilgrim Dream Matte Foundation Stick - 120 Light Vanilla (10 g),574.0,633.0,10.28
KIKO Milano Full Coverage Concealer - 04 Dark (2 ml),1011.0,1071.0,5.93
Renee Tinted Moisturizer - Rose Veil (50 ml),473.0,489.0,3.38
Too Faced Born This Way Foundation - Golden Beige (30 ml),3160.0,3950.0,25.0
KIKO Milano Highlighting Effect Fluid Concealer - 04 Rosy Beige (2 ml),807.0,855.0,5.95
Charmacy Milano Matte Foundation - 10 Shade (30ml),967.0,989.0,2.28
Lakme Powerplay Priming Powder Foundation 3-in-1 Lasting Matte Dry/Oily Skin - Honey Dew (9 g),221.0,239.0,8.14
"Lakme 9 to 5 Powerplay Matte Compact, Oil Control Formula, With Vitamin E, Apricot (8 g)",247.0,266.0,7.69
FENTY BEAUTY Invisimatte Instant Setting + Blotting Powder - Universal (8.5 g),3240.0,4050.0,25.0
M.A.C Studio Fix Powder Plus Foundation - NC41 (12 g),2550.0,3000.0,17.65
Bobbi Brown Skin Corrector Stick - Peach (3 g),2840.0,3550.0,25.0
Charmacy Milano Matte Foundation - (Shades 03 + 02) Combo,1934.0,1978.0,2.28
Akind Drop A Hint Hydrating Skin Tint SPF 30 PA+++ Dewy Skin & Sun Protection - 160 Caramel (30ml),397.0,477.0,20.15
Smashbox Halo Contour Blush + Highlighter Palette - Back To Cali (15.7 g),3640.0,4550.0,25.0
Akind Drop A Hint Hydrating Skin Tint SPF 30 PA+++ Dewy Skin & Sun Protection - 170 Latte (30ml),397.0,477.0,20.15
"Pilgrim 3-in-1 Face Palette Blush, Highlighter & Contour - Sultry Romance (12 g)",540.0,596.0,10.37
FENTY BEAUTY Cheeks Out Freestyle Cream Blush - Strawberry Drip (3 g),2500.0,3125.0,25.0
Swiss Beauty All-In-One CC Cream - Light Beige (25 g),261.0,296.0,13.41
M.A.C Studio Radiance 24Hr Luminous Lift Concealer - NC35 (11 ml),2480.0,3100.0,25.0
Bobbi Brown Corrector - Dark Peach (1.4g),3300.0,4400.0,33.33
FENTY BEAUTY Mini You Mist Makeup-Extending Setting Spray (35 ml),1420.0,1775.0,25.0
FENTY BEAUTY Soft'Lit Naturally Luminous Foundation - 120 (32 ml),3500.0,3937.0,12.49
RENEE You Are Glowing Liquid Highlighter - Golden Gleam (6 ml),378.0,391.0,3.44
Insight Cosmetics Prep Cover Set Combo - 3,629.0,620.0,-1.43
Too Faced Born This Way Super Coverage Multi Use Sculpting Concealer - Honey (13.5ml),2025.0,2160.0,6.67
Renee Pro Concealer - 07 Spiced Rum (14 ml),622.0,645.0,3.7
FENTY BEAUTY Cheeks Out Freestyle Cream Blush - Summertime Wine (3 g),2500.0,3125.0,25.0
Too Faced Born This Way Super Blur Powder - Light (4.8 ml),2560.0,3200.0,25.0
KIKO Milano Color Correction Face Fixing Powder (6.5 g),1572.0,1665.0,5.92
FENTY BEAUTY Eaze Drop Blurring Skin Tint - 14 (32 ml),3320.0,3527.0,6.23
Huda Beauty Easy Blur Foundation Mini - Milkshake 100B (10 ml),1485.0,1633.0,9.97
KIKO Milano Unlimited Liquid Foundation - 03 Gold (30 ml),1351.0,1272.0,-5.85
Pilgrim Dream Matte Foundation Stick - 235 Light Beige (10 g),574.0,633.0,10.28
Charmacy Milano Pro-Pore Conceal Primer (40ml),1203.0,1232.0,2.41
FENTY BEAUTY We're Even Hydrating Concealer - 290W (9 ml),2740.0,3425.0,25.0
Estee Lauder Double Wear Stay-in-Place Foundation SPF10 - 2N2 Buff (30 ml),3910.0,4600.0,17.65
Mamaearth Glow Serum Foundation Mini Tube With Vitamin C & Turmeric - 01 Ivory Glow (18ml),296.0,303.0,2.36
FENTY BEAUTY Eaze Drop Blurring Skin Tint - 09 (32 ml),3320.0,4150.0,25.0
KIKO Milano Full Coverage Concealer - 02 Natural (2 ml),1011.0,1071.0,5.93
KIKO Milano Skin Lover Intensive Serum Foundation - 1.5NG Neutral Gold (28 ml),1776.0,1881.0,5.91
"Pilgrim 3-in-1 Face Palette Blush, Highlighter & Contour - Soft Elegance (12 g)",540.0,596.0,10.37
Charmacy Milano HD Cover Compact - 1 (8 g),704.0,720.0,2.27
FENTY BEAUTY Eaze Drop Blurring Skin Tint - 11 (32 ml),3320.0,4150.0,25.0
KIKO Milano Unlimited Blush - 07 Perfect Beige (6 g),1011.0,1071.0,5.93
Armani Luminous Silk Hydrating & Brightening Concealer - 2-Very Fair Neutral (12 ml),2847.0,3350.0,17.67
Renee Cosmetics Madness pH Blush (3 g),414.0,429.0,3.62
Renee Cosmetics Pro HD Foundation With SPF 30 - Oak (30 ml),787.0,819.0,4.07
Bobbi Brown Vitamin Enriched Skin Tint Foundation with SPF 15 - 1 Light (50ml),4040.0,5050.0,25.0
Charmacy Milano Matte Foundation - 12 Shade (30ml),967.0,989.0,2.28
Prada Reset Rebalancing Setting Powder - Transparent (6.8 g),8595.0,9550.0,11.11
Too Faced Born This Way Super Coverage Multi Use Sculpting Concealer - Marshmallow (13.5ml),2100.0,2240.0,6.67
Makeup Revolution Skin Silk Marble Blush Stick - Sundown Spice (4.5 g),659.0,699.0,6.07
Estee Lauder Double Wear Stay-in-Place Foundation SPF10 - 1C0 Shell (30 ml),3910.0,4600.0,17.65
Too Faced Born This Way Ethereal Setting Powder - Beige (17g),3040.0,3550.0,16.78
FENTY BEAUTY Match Stix Contour Matte Skinstick - Ebony (7.1 g),2740.0,2911.0,6.24
Lakme Powerplay Priming Powder Foundation 3-in-1 Lasting Matte Dry/Oily Skin - Natural Light (9 g),221.0,239.0,8.14
Too Faced Hangover 3-In-1 Primer & Setting Spray (120ml),2720.0,3400.0,25.0
CLINIQUE Even Better Clinical Serum Foundation Broad Spectrum SPF 20 - WN 4 Bone (30ml),3527.0,3735.0,5.9
Estee Lauder Double Wear Stay-In-Place Matte Powder - 1W0 Warm Porcelain (12 g),3612.0,4250.0,17.66
M.A.C Strobe Beam Liquid Blush - Unsweetened (4.3 ml),2320.0,2900.0,25.0
Smashbox Halo Healthy Glow All-In-One Tinted Moisturizer SPF 25 - Light Olive (40ml),2767.0,3690.0,33.36
FENTY BEAUTY Pro Filt'r Soft Matte Foundation - 260 (32 ml),3320.0,3527.0,6.23
KIKO Milano Full Coverage 2-In-1 Foundation and Concealer - WR30 Warm Rose (25 ml),1946.0,2061.0,5.91
CLINIQUE Even Better All Over Concealer + Eraser - 05 Neutral (6ml),2635.0,2790.0,5.88
Benefit Cosmetics The POREfessional Super Setter Mini (30ml),1485.0,1650.0,11.11
CLINIQUE Stay Matte Sheer Pressed Powder - 02 Stay Neutral (7.6g),2783.0,2947.0,5.89
Pilgrim Illuminating Moisturizer With SPF 15 - White (30 g),289.0,333.0,15.22
Akind Drop A Hint Hydrating Skin Tint SPF 30 PA+++ Dewy Skin & Sun Protection - 180 Toffee (30ml),397.0,477.0,20.15
Too Faced Cloud Crush - Love Potion (4.3 g),2040.0,2550.0,25.0
KIKO Milano Full Coverage 2-In-1 Foundation and Concealer - NG95 Neutral Gold (25 ml),1946.0,1832.0,-5.86
CLINIQUE Even Better Light Reflecting Primer - Clear (30ml),2932.0,3105.0,5.9
Armani Luminous Silk Glow Blush - 40-Mania (3.6 g),3781.0,4700.0,24.31
FENTY BEAUTY Soft'Lit Naturally Luminous Foundation - 100 (32 ml),3500.0,3937.0,12.49
FENTY BEAUTY Sun Stalk'r Instant Warmth Bronzer - 04 Bajan Gyal (6.23 g),3080.0,3272.0,6.23
Renee Cosmetics Pro HD Foundation With SPF 30 - Birch (30 ml),787.0,819.0,4.07
FENTY BEAUTY Eaze Drop Blurring Skin Tint - 07 (32 ml),3320.0,4150.0,25.0
FENTY BEAUTY Soft'Lit Naturally Luminous Foundation - 175 (32 ml),3500.0,3937.0,12.49
FENTY BEAUTY Set It Down Instant Brightening + Blurring Powder - Banana (15 g),3080.0,3850.0,25.0
Lancome Teint Idole Ultra Wear All Over Multi-Tasking Concealer - 09 Cookie-460 Suede W (13ml),2320.0,2610.0,12.5
Lakme Showstopper Collection Rouge Bloom Powder Blush Pink Blossom - (12 g),629.0,584.0,-7.15
Benefit Cosmetics Hoola Powder Bronzer - Hoola Medium-Deep (8 g),3330.0,3700.0,11.11
KIKO Milano Full Coverage Concealer - 06 Caramel (2 ml),1011.0,1071.0,5.93
Charmacy Milano Concealer - C 01 (7 ml),615.0,629.0,2.28
FENTY BEAUTY Eaze Drop Blurring Skin Tint - 15 (32 ml),3320.0,3527.0,6.23
Too Faced Born This Way Foundation - Almond (30 ml),3160.0,3950.0,25.0
FENTY BEAUTY Eaze Drop Blurring Skin Tint - 02 (32 ml),3320.0,3527.0,6.23
FENTY BEAUTY Diamond Bomb - Trophy Wife (8 g),3580.0,4475.0,25.0
Too Faced Born This Way Super Coverage Multi Use Sculpting Concealer- Taffy (13.5ml),2100.0,2800.0,33.33
Bobbi Brown Weightless Skin Natural Matte Finish Foundation SPF 15 - Natural Tan (30 ml),3742.0,4990.0,33.35
FENTY BEAUTY Eaze Drop Blurring Skin Tint - 08 (32 ml),3320.0,4150.0,25.0
Lakme 9to5 Hya Matte Pressed Powder - Ivory (9 g),406.0,375.0,-7.64
KIKO Milano Full Coverage 2-In-1 Foundation & Concealer - WR15 Warm Rose (25 ml),1946.0,2061.0,5.91
Pilgrim BB Cream with SPF 50 PA++++ - Almond Glow (30 ml),288.0,323.0,12.15
FENTY BEAUTY Eaze Drop Blurring Skin Tint - 01 (32 ml),3320.0,3527.0,6.23
Lakme 9to5 Hya Matte Pressed Powder - Sand (9 g),406.0,375.0,-7.64
KIKO Milano Unlimited Liquid Foundation - 02 Neutral (30 ml),1351.0,1431.0,5.92
Lancome Teint Idole Ultra Wear All Over Multi-Tasking Concealer -035 Beige Dore-320 Bisque W (13 ml),2320.0,2610.0,12.5
Mamaearth Glow Serum Foundation Mini Tube With Vitamin C & Turmeric - 03 Nude Glow (18ml),296.0,303.0,2.36
CLINIQUE Even Better Glow Liquid Foundation - WN 04 Bone (30ml),2805.0,2970.0,5.88
Estee Lauder Double Wear Sheer Flattery Loose Powder - Translucent Soft Glow (9g),5400.0,6000.0,11.11
Swiss Beauty Highlighting Makeup Base + Pearl Primer + Makeup Fixer Combo,680.0,732.0,7.65
FENTY BEAUTY Eaze Drop Blurring Skin Tint - 06 (32 ml),3320.0,4150.0,25.0
FENTY BEAUTY Cheeks Out Freestyle Cream Blush - Rose Latte (3 g),2500.0,3125.0,25.0
Bioderma Sensibio Value Combo,982.0,1064.0,8.35
Lakme 9to5 Hya Matte Pressed Powder - Nude (9 g),406.0,375.0,-7.64
M.A.C Studio Fix Fluid Foundation - NC13 (30 ml),2550.0,3400.0,33.33
FENTY BEAUTY We're Even Hydrating Concealer - 225N (9 ml),2740.0,2911.0,6.24
Mamaearth Glow Serum BB Cream SPF 30 PA++ With Vitamin C & Turmeric - Beige (25g),286.0,296.0,3.5
FENTY BEAUTY Cheeks Out Freestyle Cream Blush - Pinky Promise (3 g),2500.0,3125.0,25.0
KIKO Milano Instamoisture Liquid Foundation with SPF 25 - 1.5 Gold (30 ml),1351.0,1431.0,5.92
KIKO Milano Instamoisture Liquid Foundation with SPF 25 - 1.5 Neutral (30 ml),1351.0,1431.0,5.92
Charmacy Milano HD Cover Compact - 4 (8 g),704.0,720.0,2.27
FENTY BEAUTY Cheeks Out Freestyle Cream Blush - Big Melons (3 g),2500.0,2656.0,6.24
FENTY BEAUTY Set It Down Instant Brightening + Blurring Powder - Cashew (15 g),3080.0,3850.0,25.0
Lancome Teint Idole Ultra Wear Foundation - 240W (30ml),3600.0,4050.0,12.5
M.A.C Strobe Beam Liquid Blush - Ice Gleam (4.3 ml),2320.0,2900.0,25.0
KIRO Wonder Wand Multi-Stick - 08 Terracotta Bloom (7.5 g),595.0,680.0,14.29
M.A.C Studio Fix Fluid SPF 15 Foundation - NC40 (30 ml),2550.0,3400.0,33.33
Smashbox Halo Healthy Glow Tinted Moisturizer Broad Spectrum SPF 25 - Medium Tan (40ml),2737.0,2920.0,6.69
CLINIQUE Even Better Makeup Foundation SPF 15 - WN 48 Oat (30ml),3060.0,3240.0,5.88
KIRO Wonder Wand Multi-Stick - 09 Pink Wink (7.5 g),595.0,680.0,14.29
M.A.C Studio Fix Powder Plus Foundation - NC12 (12 g),2550.0,3000.0,17.65
Benefit Cosmetics Dandelion Brightening Blush Mini - Baby Pink (2.5g),1575.0,1750.0,11.11
Bobbi Brown Vitamin Enriched Skin Tint Foundation with SPF 15 - 1 Medium (50ml),4040.0,5050.0,25.0
Charmacy Milano Concealer - C 03 (7 ml),615.0,629.0,2.28
KIKO Milano Golden Oasis All Over Face Palette - 01 Light To Medium (27 g),2507.0,2360.0,-5.86
Lancome Long Time No Shine Mattifying Loose Setting Powder - Translucent (15g),3520.0,3960.0,12.5
FENTY BEAUTY Eaze Drop Blurring Skin Tint - 12 (32 ml),3320.0,4150.0,25.0
Bobbi Brown Skin Full Cover Concealer - Golden (8ml),2917.0,3112.0,6.68
Makeup Revolution Superdewy Tinted Moisturiser - Tan (55ml),809.0,858.0,6.06
KIKO Milano Daily Protection BB Cream - 06 Hazelnut (30 ml),1147.0,1080.0,-5.84
KIKO Milano Smart Hydrating Foundation - WR30 Warm Rose (30 ml),756.0,801.0,5.95
KIKO Milano Full Coverage Blurring Powder Foundation - 20 Ivory (10 g),1351.0,1431.0,5.92
Bobbi Brown Skin Concealer Stick - Warm Honey (3 g),2840.0,3550.0,25.0
M.A.C Studio Radiance Serum Powered Foundation - NC37 (30ml),3225.0,4300.0,33.33
KIKO Milano Dreamphoria Heavenly Skin Blush - 01 Caramel Charm (5.5 g),1606.0,1512.0,-5.85
Renee Pro Broadway Foundation - 02 Radiance (30 ml),962.0,1000.0,3.95
Too Faced Born This Way Super Coverage Multi Use Sculpting Concealer- Mocha (13.5ml),2100.0,2800.0,33.33
Charmacy Milano Matte Foundation - 08 Shade (30ml),967.0,989.0,2.28
Charmacy Milano Matte Foundation - 09 Shade (30ml),967.0,989.0,2.28
M.A.C Studio Fix Powder Plus Foundation - C3.5 (12 g),2550.0,3000.0,17.65
Bobbi Brown Corrector - Peach (1.4g),3300.0,4400.0,33.33
FENTY BEAUTY Set It Down Instant Brightening + Blurring Powder - Strawberry Milk (15 g),3080.0,3850.0,25.0
KIKO Milano Full Coverage 2-In-1 Foundation and Concealer - WB25 Warm Beige (25 ml),1946.0,2061.0,5.91
KIKO Milano Skin Tone Concealer - 05 Honey (3.5 ml),756.0,801.0,5.95
The Derma Co. 2% Niacinamide & 1% Hyaluronic Acid Foundation With SPF 40 PA+++ - Cinnamon (30 g),746.0,764.0,2.41
KIKO Milano Full Coverage 2-In-1 Foundation and Concealer - WR10 Warm Rose (25 ml),1946.0,2061.0,5.91
FENTY BEAUTY Soft'Lit Naturally Luminous Foundation - 125 (32 ml),3500.0,3937.0,12.49
Pilgrim Dream Matte Foundation Stick - 123 Classic Nude (10 g),574.0,633.0,10.28
FENTY BEAUTY Eaze Drop Blurring Skin Tint - 04 (32 ml),3320.0,3527.0,6.23
FENTY BEAUTY Eaze Drop Blurring Skin Tint - 03 (32 ml),3320.0,3527.0,6.23
FENTY BEAUTY Soft'Lit Naturally Luminous Foundation - 220 (32 ml),3500.0,3937.0,12.49
Charmacy Milano HD Cover Compact - 3 (8 g),704.0,720.0,2.27
KIKO Milano Instamoisture Liquid Foundation with SPF 25 - 2 Rose (30 ml),1351.0,1431.0,5.92
Too Faced Born This Way Super Blur Powder - Tan (4.8 g),2560.0,3200.0,25.0
M.A.C Studio Radiance Serum Powered Foundation - NC25 (30ml),2962.0,3950.0,33.36
FENTY BEAUTY Pro Filt'r Soft Matte Foundation - 235 (32 ml),3320.0,3527.0,6.23
FENTY BEAUTY Sun Stalk'r Instant Warmth Bronzer - 07 Coco Naughty (6.23 g),3080.0,3272.0,6.23
FENTY BEAUTY Soft'Lit Naturally Luminous Foundation - 310 (32 ml),3500.0,4375.0,25.0
KIKO Milano Skin Tone Concealer - 07 Caramel (3.5 ml),756.0,801.0,5.95
FENTY BEAUTY Bright Fix Brightening Powder - Banana 03 (7.95 g),3080.0,3850.0,25.0
KIKO Milano Full Coverage 2-In-1 Foundation and Concealer - N35 Neutral (25 ml),1946.0,2061.0,5.91
M.A.C Studio Fix Every Wear All Over Face Pen - NC25 (12ml),2400.0,3000.0,25.0
M.A.C Studio Radiance Serum Powered Foundation - NC35 (30ml),3225.0,4300.0,33.33
Benefit Cosmetics The POREfessional Super Setter (120ml),3060.0,3400.0,11.11
KIKO Milano Full Coverage Concealer - 05 Hazelnut (2 ml),1011.0,1071.0,5.93
Renee Cosmetics Pro HD Foundation With SPF 30 - Pine (30 ml),787.0,819.0,4.07
Bobbi Brown Skin Foundation Stick - Warm Natural (W-056) (9g),4425.0,4720.0,6.67
Smashbox The Cali Contour Palette - Multicolor (20.56g),4480.0,5600.0,25.0
FENTY BEAUTY We're Even Hydrating Concealer - 130W (9 ml),2740.0,2911.0,6.24
Lancome Teint Idole Ultra Wear Foundation - 125W (30ml),3520.0,3960.0,12.5
Clinique Even Better Clinical Vitamin Makeup Foundation with SPF 50 - Light Cool 2 (30 ml),3485.0,3690.0,5.88
FENTY BEAUTY Bright Fix Brightening Powder - Rose Quartz 02 (7.95 g),3080.0,3850.0,25.0
FENTY BEAUTY Soft'Lit Naturally Luminous Foundation - 410 (32 ml),3500.0,3937.0,12.49
Charmacy Milano Concealer - C 04 (7 ml),615.0,629.0,2.28
Charmacy Milano Concealer - 1B (7 ml),685.0,629.0,-8.18
M.A.C Studio Fix Fluid SPF 15 Foundation - NC44 (30 ml),3000.0,4000.0,33.33
KIKO Milano Full Coverage 2-In-1 Foundation and Concealer - CR20 Cool Rose (25 ml),1946.0,1832.0,-5.86
Bobbi Brown Weightless Skin Natural Matte Finish Foundation SPF 15 - Warm Honey (30 ml),3742.0,4990.0,33.35
FENTY BEAUTY Soft'Lit Naturally Luminous Foundation - 345 (32 ml),3500.0,3937.0,12.49
KIKO Milano Matte Fusion Pressed Powder Compact - 12 Cappuccino (12 g),1181.0,1251.0,5.93
FENTY BEAUTY Pro Filt'r Soft Matte Foundation - 295 (32 ml),3320.0,3527.0,6.23
M.A.C Skinfinish Sunstruck Matte Bronzer - Matte Deep Golden (8 g),2840.0,3550.0,25.0
FENTY BEAUTY Sun Stalk'r Instant Warmth Bronzer - 02 Private Island (6.23 g),3080.0,3272.0,6.23
Lancome Teint Idole Ultra Wear All Over Multi-Tasking Concealer - 025 Beige Lin-250 Bisque W (13ml),2320.0,2610.0,12.5
RENEE Everyday Compact - Sepia (8 g),191.0,199.0,4.19
FENTY BEAUTY Soft'Lit Naturally Luminous Foundation - 335 (32 ml),3500.0,3937.0,12.49
M.A.C Skinfinish Sunstruck Matte Bronzer - Matte Rich Rosy (8 g),2800.0,3500.0,25.0
KIKO Milano Full Coverage Dark Circles Concealer - 05 - Medium Beige (8 ml),1062.0,1125.0,5.93
Too Faced Cloud Crush - Hopeful Romantic (4.3 g),2040.0,2550.0,25.0
FENTY BEAUTY We're Even Hydrating Concealer - 260N (9 ml),2740.0,2911.0,6.24
M.A.C Studio Fix Fluid SPF 15 Foundation - NC44.5 (30 ml),2550.0,2720.0,6.67
CLINIQUE Blushing Blush Powder Blush - Precious Posy (6g),4207.0,4455.0,5.89
FENTY BEAUTY Soft'Lit Naturally Luminous Foundation - 260 (32 ml),3500.0,4375.0,25.0
FENTY BEAUTY Soft'Lit Naturally Luminous Foundation - 290 (32 ml),3500.0,4375.0,25.0
Renee Tinted Moisturizer - Caramel Glint (50 ml),473.0,489.0,3.38
Huda Beauty Fauxfilter Luminous Matte Concealer - 3.1 Vanilla Swirl (9ml),3000.0,2750.0,-8.33
FENTY BEAUTY We're Even Hydrating Concealer - 240N (9 ml),2740.0,2911.0,6.24
Bobbi Brown Nude Finish Illuminating Powder - Bare (6.6g),4120.0,5150.0,25.0
Estee Lauder Double Wear Stay-in-Place Foundation SPF10 - 3W1.5 Fawn (30 ml),3910.0,4600.0,17.65
FENTY BEAUTY Soft'Lit Naturally Luminous Foundation - 190 (32 ml),3500.0,3937.0,12.49
Renee Cosmetics Pro HD Foundation With SPF 30 - Ceder (30 ml),787.0,819.0,4.07
L.A. Girl Luminous Glow Skin Illuminator - Moonlight (30ml),705.0,893.0,26.67
KIKO Milano Full Coverage 2-In-1 Foundation and Concealer - WB15 Warm Beige (25 ml),1946.0,2061.0,5.91
FENTY BEAUTY We're Even Hydrating Concealer - 100C (9 ml),2740.0,2911.0,6.24
FENTY BEAUTY Soft'Lit Naturally Luminous Foundation - 265 (32 ml),3500.0,4375.0,25.0
FENTY BEAUTY Match Stix Contour Matte Skinstick - Caviar (7.1 g),2740.0,2911.0,6.24
Charmacy Milano Concealer - 1A (7 ml),685.0,629.0,-8.18
Benefit Cosmetics Willa Soft Blush - Neutral Rose (6g),3330.0,3700.0,11.11
Makeup Revolution Mousse Blusher - Passion Deep Pink (6g),611.0,646.0,5.73
Makeup Revolution Super Fix Misting Spray - (150ml),1188.0,1255.0,5.64
Smashbox Always On Foundation - L30N (Level Three Light With A Neutral Undertone) - (30Ml),2870.0,3075.0,7.14
Smashbox Always On Foundation - L20W (Level Two Light With A Warm Undertone) - (30Ml),2870.0,3075.0,7.14
Charmacy Milano Ace the Base Combo - Prep & Set + Foundation + Concealer,3341.0,3417.0,2.27
KIKO Milano Skin Lover Refining Face Powder Foundation - 08 Golden Toffee (10 g),1521.0,1611.0,5.92
KIRO Just Rollin Face Sculpting Primer - Au Naturel (30 g),784.0,840.0,7.14
KIKO Milano Unlimited Liquid Foundation - 05 Neutral (30 ml),1351.0,1431.0,5.92
KIKO Milano Full Coverage Dark Circles Concealer - 07 - Natural Beige (8 ml),1266.0,1341.0,5.92
KIKO Milano Full Coverage Blurring Powder Foundation - 75 Caramel (10 g),1402.0,1485.0,5.92
Bobbi Brown Instant Long Wear Make-up Remover (100ml),3760.0,4700.0,25.0
Makeup Revolution Conceal And Define Concealer - C8 (4g),403.0,427.0,5.96
Bioderma Sensibio Travel Kit,1310.0,1474.0,12.52
FENTY BEAUTY Pro Filt'r Soft Matte Foundation - 210 (32 ml),3320.0,3527.0,6.23
Too Faced Born This Way Super Coverage Multi Use Sculpting Concealer- Cream Puff (13.5ml),2100.0,2700.0,28.57
KIKO Milano Full Coverage 2-In-1 Foundation and Concealer - WB60 Warm Beige (25 ml),1946.0,2061.0,5.91
FENTY BEAUTY Eaze Drop Blur + Smooth Tint Stick - 07 (9 g),3320.0,3527.0,6.23
FENTY BEAUTY Eaze Drop Blur + Smooth Tint Stick - 02 (9 g),3320.0,3527.0,6.23
KIKO Milano Skin Tone Concealer - 04 Peach (3.5 ml),756.0,801.0,5.95
Ras Luxury Skincare Radiance Glo-Tinttm Serum Skin Perfector - Oak (30 g),2242.0,2392.0,6.69
Swiss Beauty Long Lasting Makeup Fixer And Liquid Concealer 02 Combo,349.0,376.0,7.74
Clarins Fix Make-Up Setting Spray (1 ml),2252.0,2385.0,5.91
Too Faced Cloud Crush - Red Velvet (4.3 g),2040.0,2550.0,25.0
KIKO Milano Unlimited Liquid Foundation - 01 Rose (30 ml),1521.0,1611.0,5.92
CLINIQUE Chubby Stick Sculpting Contour - Curvy (6g),2507.0,2655.0,5.9
RENEE 7-In-1 Face Base BB Cream SPF 30 - B04 Cinnamon (30ml),423.0,440.0,4.02
FENTY BEAUTY Eaze Drop Blurring Skin Tint - 20 (32 ml),3320.0,3527.0,6.23
M.A.C Studio Fix Powder Plus Foundation - NC44.5 (12 g),2550.0,3000.0,17.65
Renee Lumi Glow Highlighting Foundation - Silk Cocoa (30 ml),580.0,601.0,3.62
FENTY BEAUTY Pro Filt'r Soft Matte Foundation - 310 (32 ml),3320.0,3527.0,6.23
FENTY BEAUTY We're Even Hydrating Concealer - 220W (9 ml),2740.0,2911.0,6.24
Benefit Cosmetics Hoola Wave Creamy Bronzing Balm - Medium-Deep (9 g),3330.0,3700.0,11.11
Lakme 9to5 Hya Matte Foundation + Hyaluronic Acid - Warm Creme (25 ml),584.0,539.0,-7.71
FENTY BEAUTY Pro Filt'r Soft Matte Foundation - 265 (32 ml),3320.0,3527.0,6.23
Charmacy Milano Matte Foundation 02 & Concealer 01 Combo,1582.0,1618.0,2.28
Bobbi Brown Skin Foundation Stick - Beige (N-042) (9g),4720.0,5900.0,25.0
KIKO Milano Unlimited Matte Longlasting Loose Powder - 04 Sienna (9 g),1317.0,1395.0,5.92
CLINIQUE Stay Matte Sheer Pressed Powder - 05 Stay Spice (7.6g),2783.0,2947.0,5.89
Renee Lumi Glow Highlighting Compact - Silk Tan (9 g),478.0,495.0,3.56
Swiss Beauty Liquid Concealer - Medium Moyen (6 g),186.0,211.0,13.44
Mamaearth Glow Serum Foundation Mini Tube With Vitamin C & Turmeric - 02 Crème Glow (18ml),296.0,303.0,2.36
Bobbi Brown Weightless Skin Natural Matte Finish Foundation SPF 15 - Natural (30 ml),3742.0,4990.0,33.35
FENTY BEAUTY Soft'Lit Naturally Luminous Foundation - 300 (32 ml),3500.0,4375.0,25.0
Too Faced Born This Way Super Coverage Multi Use Sculpting Concealer - Maple (13.5ml),2100.0,2800.0,33.33
Bobbi Brown Weightless Skin Natural Matte Finish Foundation SPF 15 - Ivory (30 ml),3742.0,4990.0,33.35
RENEE Face Base Liquid Foundation - Chai Tea (23ml),562.0,585.0,4.09
KIKO Milano Full Coverage Concealer - 07 Cocoa (2 ml),1011.0,952.0,-5.84
KIKO Milano Skin Lover Intensive Serum Concealer - 12 Dark Cocoa (4 ml),1181.0,1251.0,5.93
Smashbox Halo Contour Blush + Highlighter Palette - Coral (15.7 g),3640.0,4400.0,20.88
Too Faced Born This Way Foundation - Porcelain (30 ml),3160.0,3950.0,25.0
Lancome Teint Idole Ultra Wear All Over Concealer - 360 Bisque Neutral (13ml),2320.0,2610.0,12.5
FENTY BEAUTY Pro Filt'r Soft Matte Foundation - 290 (32 ml),3320.0,3527.0,6.23
CLINIQUE Even Better All Over Concealer + Eraser - 02 Fair (6ml),2592.0,2745.0,5.9
FENTY BEAUTY Killawatt Highlighter Duo - Ginger Binge/Moscow Mule (7 g),3320.0,4150.0,25.0
FENTY BEAUTY Soft'Lit Naturally Luminous Foundation - 385 (32 ml),3500.0,3937.0,12.49
M.A.C Studio Fix Powder Plus Foundation - C4 (12 g),2890.0,3000.0,3.81
CLINIQUE Even Better Pore Defying Primer - Clear (30ml),2932.0,3105.0,5.9
Pilgrim Compact Powder - Pure Ivory (9 g),329.0,378.0,14.89
FENTY BEAUTY We're Even Hydrating Concealer - 235W (9 ml),2740.0,2911.0,6.24
KIKO Milano Full Coverage 2-In-1 Foundation and Concealer - WB40 Warm Beige (25 ml),1946.0,2061.0,5.91
Bobbi Brown Shimmer Blush - Daybreak (3.5 g),3600.0,4500.0,25.0
KIKO Milano Skin Tone Concealer - 03 Light Beige (3.5 ml),756.0,801.0,5.95
Lakme 9to5 Hya Matte Foundation + Hyaluronic Acid - Neutral Almond (25 ml),584.0,539.0,-7.71
KIKO Milano Smart Hydrating Foundation - WB60 Warm Beige (30 ml),756.0,801.0,5.95
Charmacy Milano Cheek Enhancer No. 4 - (4gm),542.0,556.0,2.58
Bobbi Brown Skin Full Cover Concealer - Natural (8ml),2917.0,3890.0,33.36
Bobbi Brown Sheer Finish Pressed Powder - Warm Natural (9g),3637.0,4850.0,33.35
FENTY BEAUTY Pro Filt'r Soft Matte Foundation - 200 (32 ml),3320.0,3527.0,6.23
FENTY BEAUTY Soft'Lit Naturally Luminous Foundation - 185 (32 ml),3500.0,3937.0,12.49
KIKO Milano Full Coverage 2-In-1 Foundation and Concealer - N95 Neutral (25 ml),1946.0,2061.0,5.91
FENTY BEAUTY Killawatt Highlighter Duo - Girl Next Door/Chic Phreak (7 g),3320.0,4150.0,25.0
Prada Reveal Skin Optimizing Foundation - MC50 Medium Cool (30 ml),6210.0,5865.0,-5.56
FENTY BEAUTY Soft'Lit Naturally Luminous Foundation - 330 (32 ml),3500.0,3937.0,12.49
Makeup Revolution Relove Cream Contour Duo - Light (5.8g),290.0,308.0,6.21
Pilgrim Compact Powder - Classic Nude (9 g),370.0,425.0,14.86
Bobbi Brown Skin Concealer Stick - Golden (3 g),2840.0,3550.0,25.0
Renee Lumi Glow Highlighting Compact - Chiffon Cocoa (9 g),478.0,495.0,3.56
KIKO Milano Full Coverage 2-In-1 Foundation & Concealer - WB105 Warm Beige (25 ml),1946.0,1832.0,-5.86
Renee Pro Broadway Foundation - 03 Eden (30 ml),962.0,1000.0,3.95
Benefit Cosmetics Shellie Warm Blush - Seashell Pink (6g),3330.0,3700.0,11.11
Pilgrim Serum Foundation - Rich Caramel (30 g),428.0,494.0,15.42
FENTY BEAUTY Eaze Drop Blur + Smooth Tint Stick - 01 (9 g),3320.0,3527.0,6.23
CLINIQUE Even Better All-Over Concealer + Eraser - WN 114 Golden (6ml),2635.0,2790.0,5.88
Mamaearth Glow Serum Foundation - 02 Crème Glow (30ml),497.0,527.0,6.04
FENTY BEAUTY Killawatt Highlighter Duo - Mean Money/Hu$tla Baby (7 g),3320.0,4150.0,25.0
FENTY BEAUTY Eaze Drop Blur + Smooth Tint Stick - 03 (9 g),3320.0,3527.0,6.23
Armani Power Fabric+ Full Coverage Liquid Foundation - 2-Fair With Olive Undertone (30 ml),4675.0,5500.0,17.65
FENTY BEAUTY Set It Down Instant Brightening + Blurring Powder - Butter (15 g),3080.0,3850.0,25.0
FENTY BEAUTY Eaze Drop Blur + Smooth Tint Stick - 09 (9 g),3320.0,3527.0,6.23
KIKO Milano Insta Moisture Foundation SPF 25 - 2N Neutral (30 ml),1351.0,1431.0,5.92
Benefit Cosmetics Tickle Highlighter - Golden Pink (8g),3330.0,3700.0,11.11
M.A.C Studio Radiance Serum Powered Foundation - NC40 (30ml),3225.0,4300.0,33.33
Lancome Teint Idole Ultra Wear Foundation - 230W (30ml),3520.0,3960.0,12.5
FENTY BEAUTY Pro Filt'r Soft Matte Foundation - 330 (32 ml),3320.0,3527.0,6.23
Mamaearth Glow Serum Foundation - 05 Beige Glow (30ml),497.0,527.0,6.04
Bobbi Brown Skin Corrector Stick - Bisque (3 g),2760.0,3450.0,25.0
M.A.C Skinfinish Lightstruck Liquid Highlighter - Lightscape (15 ml),2880.0,3600.0,25.0
Renee Cosmetics Pro HD Foundation With SPF 30 - Maple (30 ml),787.0,819.0,4.07
Too Faced Born This Way Illuminating Concealer - Gingersnap (5ml),1950.0,2600.0,33.33
Smashbox Always On Foundation - L20N (Level Two Light With A Neutral Undertone) - (30Ml),2765.0,2962.0,7.12
FENTY BEAUTY Soft'Lit Naturally Luminous Foundation - 150 (32 ml),3500.0,3937.0,12.49
FENTY BEAUTY We're Even Hydrating Concealer - 190W (9 ml),2740.0,2911.0,6.24
Estee Lauder Double Wear Stay-in-Place Foundation SPF10 - 3C2 Pebble (30 ml),3910.0,4600.0,17.65
KIKO Milano Unlimited Longlasting Matte Loose Powder - 07 Banana (9 g),1317.0,1395.0,5.92
FENTY BEAUTY We're Even Hydrating Concealer - 265W (9 ml),2740.0,3425.0,25.0
Makeup Revolution Oil Control Fixing Spray - (100ml),913.0,968.0,6.02
Charmacy Milano Concealer - C 05 (7 ml),615.0,629.0,2.28
FENTY BEAUTY We're Even Hydrating Concealer - 445N (9 ml),2740.0,2911.0,6.24
KIRO Wonder Wand Multi Stick - Blush and Glow Duo,1190.0,1360.0,14.29
M.A.C Studio Fix Powder Plus Foundation - NC45.5 (12 g),2550.0,3000.0,17.65
FENTY BEAUTY Pro Filt'r Soft Matte Foundation - 335 (32 ml),3320.0,3527.0,6.23
Huda Beauty Fauxfilter Luminous Matte Concealer - 1.7 Honey (9ml),3000.0,2750.0,-8.33
Lakme 9to5 Hya Matte Liquid Concealer - Nude (2 ml),454.0,419.0,-7.71
FENTY BEAUTY Eaze Drop Blurring Skin Tint - 16 (32 ml),3320.0,3527.0,6.23
Pilgrim Dream Matte Foundation Stick - 725 Deep Mocha (10 g),574.0,633.0,10.28
Lakme 9to5 Hya Matte Pressed Powder - Almond (9 g),406.0,375.0,-7.64
Makeup Revolution Skin Silk Marble Blush Stick - Rosy Cheeks (4.5 g),659.0,699.0,6.07
KIKO Milano Full Coverage Blurring Powder Foundation - 72 Hazelnut (10 g),1402.0,1485.0,5.92
Bobbi Brown Weightless Skin Natural Matte Finish Foundation SPF 15 - Honey (30 ml),3742.0,4990.0,33.35
KIKO Milano Skin Lover Intensive Serum Concealer - 11 Walnut (4 ml),1181.0,1251.0,5.93
KIKO Milano Instamoisture Liquid Foundation with SPF 25 - 5 Neutral (30 ml),1351.0,1431.0,5.92
Too Faced Born This Way Foundation - Maple (30ml),2887.0,3080.0,6.69
KIKO Milano Instamoisture Liquid Foundation with SPF 25 - 2 Gold (30 ml),1351.0,1431.0,5.92
FENTY BEAUTY Pro Filt'r Soft Matte Foundation - 190 (32 ml),3320.0,3527.0,6.23
KIKO Milano Skin Tone Concealer - 06 Hazelnut (3.5 ml),756.0,801.0,5.95
Prada Refine Blurring Extending Primer - Transparent (30 ml),4995.0,4717.0,-5.57
KIKO Milano Full Coverage 2-In-1 Foundation & Concealer - WB30 Warm Beige (25 ml),1946.0,2061.0,5.91
Smashbox Always On Foundation - F10W (Level One Fair With A Warm Undertone) - (30Ml),2975.0,3187.0,7.13
Benefit Cosmetics Glow-La-La Velvet Gleam Highlighter - Nova (3 g),3600.0,4000.0,11.11
KIKO Milano Skin Tone Concealer - 01 Green (3.5 ml),756.0,801.0,5.95
CLINIQUE Stay Matte Sheer Pressed Powder - 03 Stay Beige (7.6g),3017.0,3195.0,5.9
CLINIQUE Stay Matte Sheer Pressed Powder - 17 Stay Golden (7.6g),2783.0,2947.0,5.89
M.A.C Studio Fix Every Wear All Over Face Pen - NC40 (12ml),2400.0,3000.0,25.0
Too Faced Chocolate Soleil Multi-Use Creamy Bronzing & Sculpting Stick - Chocolate Lava (8 g),2800.0,3500.0,25.0
Smashbox Halo Healthy Glow All-In-One Tinted Moisturizer SPF 25 - Tan Medium Dark (40ml),2737.0,3650.0,33.36
FENTY BEAUTY Pro Filt'r Soft Matte Foundation - 220 (32 ml),3320.0,3527.0,6.23
Lakme 9to5 Hya Matte Liquid Concealer - Ivory (2 ml),454.0,419.0,-7.71
KIKO Milano Instamoisture Liquid Foundation with SPF 25 - 8 Neutral (30 ml),1351.0,1431.0,5.92
KIKO Milano Smart Hydrating Foundation - WR01 Warm Rose (30 ml),756.0,801.0,5.95
Lakme 9to5 Hya Matte Pressed Powder - Beige (9 g),584.0,539.0,-7.71
FENTY BEAUTY Soft'Lit Naturally Luminous Foundation - 235 (32 ml),3500.0,4375.0,25.0
Bobbi Brown Skin Concealer Stick - Dark Bisque (1.4g),3262.0,4350.0,33.35
Lancome Teint Idole Ultra Wear All Over Concealer - 038 Beige Cuivre (13ml),2320.0,2610.0,12.5
FENTY BEAUTY We're Even Hydrating Concealer - 300N (9 ml),2740.0,3425.0,25.0
FENTY BEAUTY Soft'Lit Naturally Luminous Foundation - 225 (32 ml),3500.0,4375.0,25.0
Estee Lauder Double Wear Stay-in-Place Foundation SPF10 - 4W4 Hazel (30 ml),3910.0,4600.0,17.65
FENTY BEAUTY Set It Down Instant Brightening + Blurring Powder - Lavender (15 g),3080.0,3850.0,25.0
CLINIQUE EB Clinical Serum Foundation SPF 20 - Golden (30 ml),3527.0,3735.0,5.9
Estee Lauder Double Wear Stay-in-Place Foundation SPF10 - 6W1 Sandalwood (30 ml),3910.0,4600.0,17.65
Bobbi Brown Skin Foundation Stick - Natural (N-052) (9g),4425.0,5900.0,33.33
FENTY BEAUTY Bright Fix Brightening Powder - Lavender 01 (7.95 g),3080.0,3850.0,25.0
Renee Tinted Moisturizer - Beige Dew (50 ml),473.0,489.0,3.38
Smashbox Always On Foundation - M20W (Level Two Medium With A Warm Undertone) - (30Ml),2870.0,3075.0,7.14
FENTY BEAUTY Pro Filt'r Soft Matte Foundation - 250 (32 ml),3320.0,3527.0,6.23
FENTY BEAUTY We're Even Hydrating Concealer - 210W (9 ml),2740.0,2911.0,6.24
Too Faced Born This Way Foundation - Seashell (30 ml),3160.0,3950.0,25.0
FENTY BEAUTY Eaze Drop Blurring Skin Tint - 05 (32 ml),3320.0,4150.0,25.0
Makeup Revolution Skin Silk Serum Foundation - F9.2 N (23 ml),875.0,925.0,5.71
Bobbi Brown Sheer Finish Pressed Powder - Soft Honey (9g),3637.0,4850.0,33.35
Lakme 9to5 Hya Matte Liquid Concealer - Cinnamon (2 ml),454.0,419.0,-7.71
Estee Lauder Double Wear Stay-in-Place Foundation SPF10 - 1C1 Cool Bone (30 ml),3910.0,4600.0,17.65
M.A.C Studio Fix 24-Hour Smooth Wear Concealer - NC45 (7ml),2400.0,3000.0,25.0
CLINIQUE Stay Matte Sheer Pressed Powder - 25 Stay Honey Wheat (7.6g),2783.0,2947.0,5.89
Lancome Teint Idole Ultra Wear Foundation - 355N (30ml),3600.0,4050.0,12.5
Lakme 9to5 Hya Matte Foundation + Hyaluronic Acid - Warm Light (25 ml),584.0,539.0,-7.71
Estee Lauder Double Wear Stay-in-Place Foundation SPF10 - 1N1 Ivory Nude (30 ml),3910.0,4600.0,17.65
FENTY BEAUTY Eaze Drop Blur + Smooth Tint Stick - 05 (9 g),3320.0,3527.0,6.23
L.A. Girl On Cloud Nine Bouncy Blush & Bronzer - Misty Mauve (6 g),915.0,965.0,5.46
Armani Luminous Silk Glow Blush - 11-In Love (3.6 g),3781.0,4449.0,17.67
Bobbi Brown Weightless Skin Natural Matte Finish Foundation SPF 15 - Neutral Honey (30 ml),3712.0,3960.0,6.68
M.A.C Studio Radiance Serum Powered Foundation - C4 (30ml),3225.0,4300.0,33.33
FENTY BEAUTY Soft'Lit Naturally Luminous Foundation - 160 (32 ml),3500.0,3937.0,12.49
Too Faced Born This Way Illuminating Concealer - Honey Bun (5ml),2160.0,2700.0,25.0
Lancome Teint Idole Ultra Wear All Over Multi-Tasking Concealer - 023 Beige Aurore-215 Buff N (13ml),2320.0,2610.0,12.5
M.A.C Studio Radiance 24Hr Luminous Lift Concealer - NC25 (11 ml),2480.0,3100.0,25.0
Lakme 9to5 Hya Matte Foundation + Hyaluronic Acid - Warm Beige (25 ml),584.0,539.0,-7.71
Swiss Beauty Long Lasting Makeup Fixer And Ultimate Eyeshadow 02 Combo,401.0,432.0,7.73
Renee Cosmetics Pro HD Foundation With SPF 30 - Fir (30 ml),787.0,819.0,4.07
FENTY BEAUTY Pro Filt'r Soft Matte Foundation - 350 (32 ml),3320.0,3527.0,6.23
KIKO Milano Smart Hydrating Foundation - N80 Neutral (30 ml),756.0,801.0,5.95
FENTY BEAUTY We're Even Hydrating Concealer - 120N (9 ml),2740.0,2911.0,6.24
Pilgrim Dream Matte Foundation Stick - 345 Rich Walnut (10 g),574.0,633.0,10.28
KIKO Milano Instamoisture Liquid Foundation with SPF 25 - 8.5 Neutral (30 ml),1351.0,1431.0,5.92
KIKO Milano Full Coverage Blurring Powder Foundation - 65 Gold Honey (10 g),1402.0,1485.0,5.92
RENEE Face Base Foundation Stick - Creamy Latte (8g),562.0,585.0,4.09
M.A.C Pro Longwear Concealer - 35NC (9 ml),2680.0,3350.0,25.0
Lancome Teint Idole Ultra Wear Foundation - 245C (30ml),3600.0,4050.0,12.5
FENTY BEAUTY Soft'Lit Naturally Luminous Foundation - 280 (32 ml),3500.0,4375.0,25.0
FENTY BEAUTY Eaze Drop Blur + Smooth Tint Stick - 15 (9 g),3320.0,3527.0,6.23
KIKO Milano Full Coverage 2-In-1 Foundation & Concealer - WB80 Warm Beige (25 ml),1946.0,1832.0,-5.86
M.A.C Studio Radiance 24Hr Luminous Lift Concealer - NC20 (11 ml),2480.0,3100.0,25.0
FENTY BEAUTY Pro Filt'r Soft Matte Foundation - 230 (32 ml),3320.0,3527.0,6.23
Lancome Teint Idole Ultra Wear Foundation - 345N (30ml),3520.0,3960.0,12.5
Lancome Teint Idole Ultra Wear Foundation - 320C (30ml),3600.0,4050.0,12.5
Lakme 9to5 Hya Matte Liquid Concealer - Beige (2 ml),454.0,419.0,-7.71
Too Faced Born This Way Illuminating Concealer - Honey Graham (5ml),2025.0,2700.0,33.33
Bobbi Brown Skin Concealer Stick - Natural (3 g),2840.0,3550.0,25.0
FENTY BEAUTY We're Even Hydrating Concealer - 400N (9 ml),2740.0,3425.0,25.0
Lakme 9to5 Hya Matte Foundation + Hyaluronic Acid - Neutral Medium (25 ml),584.0,539.0,-7.71
Lancome Teint Idole Ultra Wear All Over Multi-Tasking Concealer - 010 Beige Porcelaine-110 Ivoire C (13ml),2320.0,2610.0,12.5
KIKO Milano Daily Protection BB Cream - 07 Cocoa (30 ml),1147.0,1215.0,5.93
Renee Cosmetics Pro HD Concealer - Suede (8 g),570.0,592.0,3.86
Armani Power Fabric Concealer - 4 Medium (6 ml),2677.0,3150.0,17.67
FENTY BEAUTY Pro Filt'r Soft Matte Foundation - 315 (32 ml),3320.0,3527.0,6.23
Renee Pro Broadway Foundation - 01 Serene (30 ml),962.0,1000.0,3.95
Lakme 9to5 Hya Matte Foundation + Hyaluronic Acid - Warm Sand (25 ml),584.0,539.0,-7.71
M.A.C Studio Fix Fluid SPF 15 Foundation - NC43.5 (30 ml),3000.0,4000.0,33.33
Bobbi Brown Weightless Skin Natural Matte Finish Foundation SPF 15 - Cool Honey (30 ml),3742.0,3992.0,6.68
Swiss Beauty Airbrush Finish Lightweight Foundation - Caramel Beige (30 ml),396.0,423.0,6.82
Bobbi Brown Skin Full Cover Concealer - Natural Tan (8ml),2917.0,3890.0,33.36
Charmacy Milano Foundation 02 & Compact 01 Combo,1671.0,1709.0,2.27
M.A.C Studio Fix Powder Plus Foundation - NC46 (12 g),2890.0,3400.0,17.65
Charmacy Milano HD Cover Compact - 5 (8 g),704.0,720.0,2.27
Estee Lauder Double Wear Stay-in-Place Foundation SPF10 - 1N0 Porcelain (30 ml),3910.0,4600.0,17.65
KIKO Milano Full Coverage 2-In-1 Foundation & Concealer - WR01 Warm Rose (25 ml),1946.0,2061.0,5.91
M.A.C Studio Radiance 24Hr Luminous Lift Concealer - NC47 (11 ml),2480.0,3100.0,25.0
FENTY BEAUTY Bright Fix Brightening Powder - Cinnamon 05 (7.95 g),3080.0,3272.0,6.23
RENEE Pro Power Puff Compact Powder - 070 Celebrate (9 g),545.0,566.0,3.85
RENEE Face Base Compact - Almond Beige (9g),355.0,369.0,3.94
FENTY BEAUTY Pro Filt'r Soft Matte Foundation - 370 (32 ml),3320.0,3527.0,6.23
Too Faced Born This Way Foundation - Caramel (30 ml),3160.0,3950.0,25.0
FENTY BEAUTY Bright Fix Brightening Powder - Peach 04 (7.95 g),3080.0,3850.0,25.0
M.A.C Studio Fix Powder Plus Foundation - NC37 (12 g),2550.0,3000.0,17.65
M.A.C Studio Radiance Serum Powered Foundation - NC18 (30 ml),3225.0,4300.0,33.33
Clarins Skin Illusion Foundation - 110 Honey (30 ml),2975.0,3150.0,5.88
Charmacy Milano Prep & Set and Foundation-03 Combo,2726.0,2788.0,2.27
FENTY BEAUTY Pro Filt'r Soft Matte Foundation - 360 (32 ml),3320.0,3527.0,6.23
Clarins Skin Illusion Foundation - 111 Auburn (30 ml),3145.0,3330.0,5.88
Armani Power Fabric+ Full Coverage Liquid Foundation - 4.5-Light To Medium Olive (30 ml),4950.0,5500.0,11.11
KIKO Milano Skin Lover Intensive Serum Foundation - 3.5WO Warm Olive (28 ml),1776.0,1881.0,5.91
Lakme 9to5 Hya Matte Foundation + Hyaluronic Acid - Cool Cinnamon (25 ml),584.0,539.0,-7.71
M.A.C Studio Radiance Serum Powered Foundation - NC17.5 (30 ml),3225.0,4300.0,33.33
FENTY BEAUTY We're Even Hydrating Concealer - 160W (9 ml),2740.0,2911.0,6.24
CLINIQUE Blushing Blush Powder Blush - Aglow (6g),4207.0,4455.0,5.89
Benefit Cosmetics Hoola Wave Creamy Bronzing Balm - Medium (9 g),3330.0,3700.0,11.11
M.A.C Studio Fix 24-Hour Smooth Wear Concealer - NC38 (7ml),2400.0,3000.0,25.0
Estee Lauder Double Wear Stay-in-Place Foundation SPF10 - 4W1.5 Medium Spice (30 ml),3910.0,4600.0,17.65
Charmacy Milano Prep & Set and Foundation 05 Combo,2726.0,2788.0,2.27
FENTY BEAUTY Pro Filt'r Soft Matte Foundation - 280 (32 ml),3320.0,3527.0,6.23
FENTY BEAUTY Soft'Lit Naturally Luminous Foundation - 350 (32 ml),3500.0,3937.0,12.49
FENTY BEAUTY Soft'Lit Naturally Luminous Foundation - 430 (32 ml),3500.0,3937.0,12.49
Estee Lauder Double Wear Stay-in-Place Foundation SPF10 - 2C0 Cool Vanilla (30 ml),3910.0,4600.0,17.65
KIKO Milano Unlimited Liquid Foundation - 02 Rose (30 ml),1351.0,1431.0,5.92
M.A.C Studio Fix Powder Plus Foundation - NC44 (12 g),2550.0,2700.0,5.88
Charmacy Milano Concealer - C 06 (7 ml),615.0,629.0,2.28
Clarins Skin Illusion Full Coverage Foundation - 110N (30 ml),3145.0,3330.0,5.88
M.A.C Studio Fix Fluid Foundation - NC38 (30 ml),3000.0,4000.0,33.33
M.A.C Studio Radiance Serum Powered Foundation - NC17 (30 ml),3225.0,4300.0,33.33
Bobbi Brown Skin Foundation Stick - Honey (W-064) (9g),4425.0,5900.0,33.33
M.A.C Studio Radiance Serum Powered Foundation - NC42 (30ml),3225.0,4300.0,33.33
Giorgio Armani UV Master Primer - Mauve (30 ml),4500.0,5000.0,11.11
Clinique Even Better Clinical Vitamin Makeup Foundation with SPF 50 - Light Medium Cool 1 (30 ml),3485.0,3735.0,7.17
Clarins Joli Loose Powder - 01 Universal Light (15 g),2890.0,3060.0,5.88
Too Faced Born This Way Illuminating Concealer - Caramel Drizzle (5ml),2160.0,2700.0,25.0
FENTY BEAUTY Pro Filt'r Soft Matte Foundation - 100 (32 ml),3320.0,3527.0,6.23
Armani Power Fabric+ Full Coverage Liquid Foundation - 3.5-Light With Neutral Undertone (30 ml),4725.0,5250.0,11.11
Smashbox Always On Foundation - L10W (Level One Light With A Warm Undertone) - (30Ml),2870.0,3075.0,7.14
FENTY BEAUTY Pro Filt'r Soft Matte Foundation - 225 (32 ml),3320.0,3527.0,6.23
Smashbox Always On Skin Balancing Setting Powder - Translucent (9.9 g),2300.0,2875.0,25.0
Renee Pro Broadway Foundation - 04 Celeste (30 ml),962.0,1000.0,3.95
Lakme 9to5 Hya Matte Liquid Concealer - Cocoa (2 ml),454.0,419.0,-7.71
Too Faced Born This Way Super Coverage Multi Use Sculpting Concealer - Spiced Rum (13.5ml),2025.0,2160.0,6.67
M.A.C Studio Fix Powder Plus Foundation - NC16 (12 g),2550.0,3000.0,17.65
Bobbi Brown Vitamin Enriched Skin Tint Foundation with SPF 15 - 2 Medium (50ml),3992.0,4990.0,25.0
KIKO Milano Full Coverage Blurring Powder Foundation - 80 Cocoa (10 g),1402.0,1320.0,-5.85
Estee Lauder Double Wear Sheer Flattery Loose Powder - Translucent Matte (9g),4770.0,5300.0,11.11
Bobbi Brown Vitamin Enriched Skin Tint Foundation with SPF 15 - 1 Deep (50ml),3992.0,4990.0,25.0
M.A.C Studio Fix Powder Plus Foundation - NW35 (12 g),2550.0,3000.0,17.65
Pilgrim Compact Powder - Warm Sand (9 g),370.0,425.0,14.86
FENTY BEAUTY Pro Filt'r Soft Matte Foundation - 345 (32 ml),3320.0,3527.0,6.23
M.A.C Studio Fix Powder Plus Foundation - NC27 (12 g),2550.0,3000.0,17.65
FENTY BEAUTY We're Even Hydrating Concealer - 150N (9 ml),2738.0,2909.0,6.25
Estee Lauder Double Wear Stay-in-Place Foundation SPF10 - 6N1 Mocha (30 ml),3910.0,4600.0,17.65
KIKO Milano Skin Hybrid Blurring Skin Tint Foundation SPF 30 - 01 Porcelain (30 ml),1402.0,1485.0,5.92
M.A.C Strobe Beam Liquid Blush - Lavalite (4.3 ml),2320.0,2900.0,25.0
Swiss Beauty All-In-One CC Cream - Sand Beige (25 g),261.0,296.0,13.41
Makeup Revolution Skin Silk Marble Blush Stick - Sunkissed Apricot (4.5 g),659.0,699.0,6.07
KIKO Milano Unlimited Matte Longlasting Loose Powder - 01 Peach Rose (9 g),1317.0,1395.0,5.92
Benefit Cosmetics Hoola Wave Creamy Bronzing Balm - Deep (9 g),3330.0,3700.0,11.11
M.A.C Studio Fix Every Wear All Over Face Pen - NC45 (12ml),2400.0,3000.0,25.0
M.A.C Studio Fix Powder Plus Foundation - N5 (12 g),2550.0,3000.0,17.65
RENEE Face Base Loose Powder - Translucent (7g),437.0,455.0,4.12
Too Faced Born This Way Foundation - Natural Beige (30 ml),3160.0,3950.0,25.0
Smashbox X Becca Shimmering Skin Perfector Pressed - Opal (7g),3120.0,3900.0,25.0
KIKO Milano Unlimited Liquid Foundation - 08 Neutral (30 ml),1351.0,1431.0,5.92
FENTY BEAUTY Set It Down Instant Brightening + Blurring Powder - Cinnamon (15 g),3080.0,3272.0,6.23
The Derma Co 1% Hyaluronic Hydrating  High Coverage Foundation With SPF 40 PA+++ - Cinnamon (18 ml),491.0,509.0,3.67
M.A.C Studio Fix 24-Hour Smooth Wear Concealer - NC55 (7ml),2400.0,3000.0,25.0
FENTY BEAUTY Soft'Lit Naturally Luminous Foundation - 130 (32 ml),3500.0,3937.0,12.49
Benefit Cosmetics Glow-La-La Velvet Gleam Highlighter - Aurora (3 g),3600.0,4000.0,11.11
KIKO Milano Skin Tone Concealer - 09 Chocolate (3.5 ml),756.0,801.0,5.95
KIKO Milano Insta Moisture Foundation SPF 25 - R6.5 Rose (30 ml),1351.0,1431.0,5.92
FENTY BEAUTY Pro Filt'r Soft Matte Foundation - 450 (32 ml),3320.0,3527.0,6.23
FENTY BEAUTY Eaze Drop Blurring Skin Tint - 17 (32 ml),3320.0,3527.0,6.23
Clinique Even Better Clinical Vitamin Makeup Foundation with SPF 50 - Light Medium Cool 2 (30 ml),3485.0,3690.0,5.88
Prada Reveal Skin Optimizing Foundation - DN75 Dark Neutral (30 ml),6615.0,6247.0,-5.56
KIKO Milano Insta Moisture Glow Foundation - 9.5 Neutral (30 ml),1521.0,1611.0,5.92
The Derma Co 1% Hyaluronic Hydrating  High Coverage Foundation With SPF 40 PA+++ - Natural(18 ml),491.0,509.0,3.67
FENTY BEAUTY Soft'Lit Naturally Luminous Foundation - 390 (32 ml),3500.0,3937.0,12.49
Smashbox Always On Foundation - L20O (Level Two Light With An Olive Undertone) - (30Ml),2765.0,2962.0,7.12
Clinique Even Better Clinical Vitamin Makeup Foundation with SPF 50 - Medium Warm 1 (30 ml),3527.0,3735.0,5.9
KIKO Milano Skin Lover Intensive Serum Foundation - 1.5WN Warm Neutral (28 ml),1784.0,1889.0,5.89
FENTY BEAUTY Eaze Drop Blurring Skin Tint - 23 (32 ml),3320.0,3527.0,6.23
FENTY BEAUTY Soft'Lit Naturally Luminous Foundation - 485 (32 ml),3500.0,3937.0,12.49
FENTY BEAUTY Soft'Lit Naturally Luminous Foundation - 480 (32 ml),3500.0,3937.0,12.49
KIKO Milano Smart Hydrating Foundation - N20 Neutral (30 ml),756.0,801.0,5.95
Armani Luminous Silk Glow Blush - 30-Offbeat (3.6 g),4250.0,5000.0,17.65
KIKO Milano Insta Moisture Glow Foundation - 5 Neutral (30 ml),1521.0,1611.0,5.92
FENTY BEAUTY Eaze Drop Blurring Skin Tint - 25 (32 ml),3320.0,3527.0,6.23
FENTY BEAUTY Soft'Lit Naturally Luminous Foundation - 440 (32 ml),3500.0,3937.0,12.49
Prada Reveal Skin Optimizing Foundation - MC60 Medium Cool (30 ml),6615.0,6247.0,-5.56
Mamaearth Glow Serum Foundation - 04 Sand Glow (30ml),497.0,527.0,6.04
Smashbox Always On Foundation - M10N (Level One Medium With A Neutral Undertone) - (30Ml),2870.0,3075.0,7.14
RENEE Face Base Loose Powder - Deep Beige (7g),437.0,455.0,4.12
FENTY BEAUTY Pro Filt'r Soft Matte Foundation - 425 (32 ml),3320.0,3527.0,6.23
Bobbi Brown Skin Foundation Stick - Warm Beige (W-046) (9g),4425.0,5900.0,33.33
Lancome Teint Idole Ultra Wear Foundation - 305N (30ml),3520.0,3960.0,12.5
Clarins SOS Primer - Mattifying (30 ml),2677.0,2835.0,5.9
KIKO Milano Skin Lover Intensive Serum Foundation - 3.5WG Warm Gold (28 ml),1776.0,1881.0,5.91
Benefit Cosmetics Glow-La-La Velvet Gleam Highlighter - Raya (3 g),3330.0,3700.0,11.11
FENTY BEAUTY We're Even Hydrating Concealer - 185C (9 ml),2740.0,2911.0,6.24
Armani Power Fabric + Setting Powder - Shade 01 (9.4 g),5610.0,6600.0,17.65
FENTY BEAUTY Soft'Lit Naturally Luminous Foundation - 400 (32 ml),3900.0,4387.0,12.49
KIKO Milano Full Coverage Dark Circles Concealer - 09 - Caramel (8 ml),1062.0,1125.0,5.93
KIKO Milano Skin Lover Intensive Serum Foundation - 2WG Warm Gold (28 ml),1776.0,1881.0,5.91
Pilgrim Makeup Duo Dubai Bling Khalifa Glitter Lipstick & Beige Glow BB Cream SPF 50 PA++++ Combo,676.0,780.0,15.38
Estee Lauder Double Wear Stay-in-Place Foundation SPF10 - 3N1 Ivory Beige (30 ml),3910.0,4600.0,17.65
FENTY BEAUTY Pro Filt'r Soft Matte Foundation - 430 (32 ml),3320.0,3527.0,6.23
M.A.C Studio Radiance Serum Powered Foundation - NW20 (30 ml),3225.0,4300.0,33.33
FENTY BEAUTY We're Even Hydrating Concealer - 125C (9 ml),2740.0,2911.0,6.24
Lancome Teint Idole Ultra Wear Foundation - 335W (30ml),3600.0,4050.0,12.5
RENEE Face Base Liquid Foundation SPF 8 - Frappe (23ml),562.0,585.0,4.09
FENTY BEAUTY Eaze Drop Blurring Skin Tint - 22 (32 ml),3320.0,3527.0,6.23
FENTY BEAUTY Eaze Drop Blurring Skin Tint - 21 (32 ml),3320.0,3527.0,6.23
Lakme 9to5 Hya Matte Foundation + Hyaluronic Acid - Neutral Honey (25 ml),584.0,539.0,-7.71
KIKO Milano Skin Tone Concealer - 11 Medium Beige - New! (3.5 ml),756.0,801.0,5.95
KIKO Milano Instamoisture Liquid Foundation with SPF 25 - 9.5 Neutral (30 ml),1351.0,1431.0,5.92
Clarins Instant Smooth Perfecting Touch (15 ml),2337.0,2475.0,5.91
M.A.C Studio Fix Powder Plus Foundation - N4.5 (12 g),2890.0,3400.0,17.65
KIKO Milano Smart Hydrating Foundation - WB40 Warm Beige (30 ml),756.0,801.0,5.95
M.A.C Studio Fix Powder Plus Foundation - NW13 (12 g),2550.0,3000.0,17.65
Lancome Teint Idole Ultra Wear Foundation - 235N (30ml),3600.0,4050.0,12.5
Lakme 9to5 Hya Matte Foundation + Hyaluronic Acid - Warm Natural (25 ml),584.0,539.0,-7.71
Prada Reveal Skin Optimizing Foundation - MN60 Medium Neutral (30 ml),6615.0,6247.0,-5.56
Ponds Natural Glow Face Powder - Pink Glow & Bright Beauty Serum Cream Combo,364.0,375.0,3.02
KIKO Milano Insta Moisture Foundation SPF 25 - G6 Gold (30 ml),1351.0,1431.0,5.92
FENTY BEAUTY Pro Filt'r Soft Matte Foundation - 240 (32 ml),3320.0,3527.0,6.23
Prada Reveal Skin Optimizing Foundation - MW55 Medium Warm (30 ml),6615.0,6247.0,-5.56
FENTY BEAUTY Eaze Drop Blur + Smooth Tint Stick - 12 (9 g),3320.0,3527.0,6.23
KIKO Milano Instamoisture Liquid Foundation with SPF 25 - 7.5 Gold (30 ml),1351.0,1431.0,5.92
Pilgrim Dream Matte Foundation Stick - 245 Classic Almond (10 g),574.0,633.0,10.28
FENTY BEAUTY Soft'Lit Naturally Luminous Foundation - 425 (32 ml),3500.0,3937.0,12.49
FENTY BEAUTY We're Even Hydrating Concealer - 495N (9 ml),2740.0,2911.0,6.24
FENTY BEAUTY Pro Filt'r Soft Matte Foundation - 125 (32 ml),3320.0,3527.0,6.23
KIKO Milano Skin Tone Concealer - 10 Almond - New! (3.5 ml),756.0,801.0,5.95
M.A.C Pro Longwear Concealer - 42NC (9 ml),2680.0,3350.0,25.0
KIKO Milano Unlimited Liquid Foundation - 8.5 Neutral (30 ml),1351.0,1431.0,5.92
FENTY BEAUTY We're Even Hydrating Concealer - 140N (9 ml),2740.0,2911.0,6.24
KIKO Milano Unlimited Liquid Foundation - 5.5 Gold (30 ml),1351.0,1431.0,5.92
Bobbi Brown Bronzing Powder - Golden Tan (9 g),4240.0,5300.0,25.0
FENTY BEAUTY Soft'Lit Naturally Luminous Foundation - 490 (32 ml),3500.0,3937.0,12.49
Smashbox Always On Foundation - F20N (Level Two Fair With A Neutral Undertone) - (30Ml),2870.0,3075.0,7.14
Lakme 9to5 Hya Matte Foundation + Hyaluronic Acid - Cool Cocoa (25 ml),584.0,539.0,-7.71
Estee Lauder Double Wear Stay-in-Place Foundation SPF10 - 2C1 Pure Beige (30 ml),3910.0,4600.0,17.65
KIKO Milano Skin Lover Intensive Serum Foundation - 3NG Neutral Gold (28 ml),1776.0,1881.0,5.91
Prada Reveal Skin Optimizing Foundation - MC45 Medium Cool (30 ml),6210.0,5865.0,-5.56
KIKO Milano Instamoisture Liquid Foundation with SPF 25 - 10 Neutral (30 ml),1351.0,1431.0,5.92
Smashbox Always On Foundation - L10N (Level One Light With A Neutral Undertone) - (30Ml),2765.0,2962.0,7.12
Clarins Skin Illusion Full Coverage Foundation - 117.5W (30 ml),3145.0,3330.0,5.88
FENTY BEAUTY Eaze Drop Blur + Smooth Tint Stick - 04 (9 g),3320.0,3527.0,6.23
FENTY BEAUTY We're Even Hydrating Concealer - 110W (9 ml),2740.0,2911.0,6.24
Too Faced Born This Way Super Blur Powder - Deep (4.8 g),2880.0,3600.0,25.0
Estee Lauder Double Wear Stay-in-Place Foundation SPF10 - 6C1 Rich Cocoa (30 ml),3910.0,4600.0,17.65
KIKO Milano Skin Lover Intensive Serum Foundation - 1.5NR Neutral Rose (28 ml),1776.0,1881.0,5.91
FENTY BEAUTY We're Even Hydrating Concealer - 480N (9 ml),2740.0,2911.0,6.24
KIKO Milano Unlimited Liquid Foundation - 9.5 Neutral (30 ml),1351.0,1431.0,5.92
FENTY BEAUTY Soft'Lit Naturally Luminous Foundation - 445 (32 ml),3500.0,3937.0,12.49
Ras Luxury Skincare Radiance Glo-Tinttm Serum Skin Perfector - Taupe (30 g),2242.0,2392.0,6.69
Lakme 9to5 Hya Matte Foundation + Hyaluronic Acid - Neutral Light (25 ml),584.0,539.0,-7.71
CLINIQUE Bestseller Jumbo Duo Combo,8882.0,10450.0,17.65
KIKO Milano Skin Lover Intensive Serum Foundation - 5NR Neutral Rose (28 ml),1776.0,1881.0,5.91
Smashbox Hot Stx Blush Stick - Pink.PNG (5 g),1800.0,2250.0,25.0
KIKO Milano Unlimited Matte Longlasting Loose Powder - 06 Cocoa (9 g),1317.0,1395.0,5.92
Armani Power Fabric+ Full Coverage Liquid Foundation - 9-Tan To Deep Olive (30 ml),4725.0,5250.0,11.11
CLINIQUE Even Better All-Over Concealer + Eraser - WN 100 Deep Honey (6 ml),2635.0,2790.0,5.88
FENTY BEAUTY Pro Filt'r Soft Matte Foundation - 300 (32 ml),3320.0,4150.0,25.0
FENTY BEAUTY Pro Filt'r Soft Matte Foundation - 400 (32 ml),3320.0,3527.0,6.23
FENTY BEAUTY Pro Filt'r Soft Matte Foundation - 175 (32 ml),3320.0,3527.0,6.23
FENTY BEAUTY Pro Filt'r Soft Matte Foundation - 110 (32 ml),3320.0,3527.0,6.23
Prada Reveal Skin Optimizing Foundation - LC10 Light Cool (30 ml),6615.0,6247.0,-5.56
Bobbi Brown Vitamin Enriched Skin Tint Foundation with SPF 15 - 2 Fair (50ml),4040.0,5050.0,25.0
FENTY BEAUTY Eaze Drop Blur + Smooth Tint Stick - 22 (9 g),3320.0,3527.0,6.23
Charmacy Milano Prep & Set and Foundation - 02 Combo,2726.0,2788.0,2.27
Swiss Beauty Face Makeup Essential Combo,375.0,404.0,7.73
FENTY BEAUTY Pro Filt'r Soft Matte Foundation - 170 (32 ml),3320.0,3527.0,6.23
FENTY BEAUTY Eaze Drop Blur + Smooth Tint Stick - 06 (9 g),3320.0,3527.0,6.23
FENTY BEAUTY Soft'Lit Naturally Luminous Foundation - 470 (32 ml),3500.0,3937.0,12.49
Clarins Skin Illusion Foundation - 114 Cappuccino (30 ml),2975.0,3150.0,5.88
Lancome Teint Idole Ultra Wear Foundation - 250W (30ml),3600.0,4050.0,12.5
Renee Pro Concealer - 02 Cookie (14 ml),622.0,645.0,3.7
FENTY BEAUTY Pro Filt'r Soft Matte Foundation - 150 (32 ml),3500.0,3718.0,6.23
Benefit Cosmetics Glow-La-La Velvet Gleam Highlighter - Luna (3 g),3330.0,3700.0,11.11
CLINIQUE Even Better All Over Primer & Corrector - Apricot (6ml),2635.0,2790.0,5.88
CLINIQUE EB Clinical Serum Foundation SPF 20 - Pecan (30 ml),3527.0,3735.0,5.9
Clinique Even Better Makeup SPF 15 - WN 12 Meringue (30 ml),3060.0,3240.0,5.88
Too Faced Born This Way Super Coverage Multi Use Sculpting Concealer - Cocoa (13.5ml),2100.0,2800.0,33.33
FENTY BEAUTY Pro Filt'r Soft Matte Foundation - 470 (32 ml),3320.0,3527.0,6.23
Too Faced Born This Way Foundation - Mocha (30 ml),3160.0,3950.0,25.0
FENTY BEAUTY Eaze Drop Blur + Smooth Tint Stick - 18 (9 g),3320.0,3527.0,6.23
Smashbox Always On Foundation - M10W (Level One Medium With A Warm Undertone) - (30Ml),2975.0,4250.0,42.86
FENTY BEAUTY Pro Filt'r Soft Matte Foundation - 495 (32 ml),3320.0,3527.0,6.23
FENTY BEAUTY Soft'Lit Naturally Luminous Foundation - 420 (32 ml),3500.0,3937.0,12.49
Clinique Even Better Clinical Vitamin Makeup Foundation with SPF 50 - Medium Cool 2 (30 ml),3527.0,3735.0,5.9
KIKO Milano Insta Moisture Foundation SPF 25 - G5 Gold (30 ml),1351.0,1431.0,5.92
Armani Power Fabric Concealer - 8 Deep (6 ml),3015.0,3350.0,11.11
Makeup Revolution Color Correcting Stick - Yellow & Green (8.6g),620.0,659.0,6.29
Charmacy Milano Matte Foundation 01 & Concealer 02 Combo,1582.0,1618.0,2.28
KIKO Milano Full Coverage 2-In-1 Foundation and Concealer - N37 Neutral 37 (25 ml),1946.0,2061.0,5.91
M.A.C Strobe Dewy Skin Tint - 02 Rich (30ml),2640.0,3300.0,25.0
Too Faced Born This Way Soft Matte Foundation - Almond (30 ml),2962.0,3950.0,33.36
Bobbi Brown Weightless Skin Natural Matte Finish Foundation SPF 15 - Warm Walnut (30 ml),3742.0,3992.0,6.68
Benefit Cosmetics The POREfessional Foundation with Niacinamide - 19N Triumph (30ml),4185.0,4650.0,11.11
Lakme 9to5 Hya Matte Foundation + Hyaluronic Acid - Cool Tan (25 ml),584.0,539.0,-7.71
FENTY BEAUTY Soft'Lit Naturally Luminous Foundation - 495 (32 ml),3900.0,4387.0,12.49
FENTY BEAUTY Eaze Drop Blur + Smooth Tint Stick - 16 (9 g),3320.0,3527.0,6.23
Clarins Skin Illusion Full Coverage Foundation - 112.5W (30 ml),3145.0,3330.0,5.88
PAC Spotlight Liquid Concealer - 04 Skin Peach (15g),895.0,967.0,8.04
"Charmacy Milano Foundation 03, Concealer 01 & HD Compact 01 Combo",2286.0,2338.0,2.27
FENTY BEAUTY We're Even Hydrating Concealer - 498N (9 ml),2740.0,2911.0,6.24
Lakme 9to5 Hya Matte Liquid Concealer - Sand (2 ml),454.0,419.0,-7.71
Clarins SOS Color Correcting Face Primer - Redness Green (30 ml),2677.0,2835.0,5.9
Lancome Teint Idole Ultra Wear Foundation - 315C (30ml),3600.0,4050.0,12.5
Clinique Even Better Clinical Vitamin Makeup Foundation with SPF 50 - Medium Deep Warm 2 (30 ml),3485.0,3690.0,5.88
RENEE 7-In-1 Face Base BB Cream SPF 30 - B03 Biscuit (30ml),423.0,440.0,4.02
Renee Pro Broadway Foundation - 08 Euphoria (30 ml),962.0,1000.0,3.95
FENTY BEAUTY Pro Filt'r Soft Matte Foundation - 390 (32 ml),3320.0,3527.0,6.23
FENTY BEAUTY Pro Filt'r Soft Matte Foundation - 160 (32 ml),3320.0,3527.0,6.23
FENTY BEAUTY Pro Filt'r Soft Matte Foundation - 140 (32 ml),3320.0,3527.0,6.23
Renee Pro Broadway Foundation - 07 Aura (30 ml),962.0,1000.0,3.95
Prada Reveal Skin Optimizing Foundation - DN70 Dark Neutral (30 ml),6615.0,6247.0,-5.56
CLINIQUE Even Better All-Over Concealer + Eraser - WN 38 Stone (6 ml),2592.0,2745.0,5.9
Smashbox Always On Foundation - T10N (Level One Tan With A Neutral Undertone) - (30Ml),2975.0,4250.0,42.86
The Body Shop Tea Tree Face Base Compact - Tan 1W (9 g),1383.0,1476.0,6.72
FENTY BEAUTY Pro Filt'r Soft Matte Foundation - 410 (32 ml),3320.0,3527.0,6.23
FENTY BEAUTY Soft'Lit Naturally Luminous Foundation - 450 (32 ml),3500.0,3937.0,12.49
Laura Mercier Tinted Moisturizer Blush - Corsica (15ml),2800.0,3500.0,25.0
Lancome Teint Idole Ultra Wear Foundation - 220C (30ml),3600.0,4050.0,12.5
Lakme 9to5 Hya Matte Foundation + Hyaluronic Acid - Warm Caramel (25 ml),584.0,539.0,-7.71
M.A.C Studio Fix Powder Plus Foundation - NW22 (12 g),2890.0,3400.0,17.65
Too Faced Born This Way Soft Matte Foundation - Light Beige (30 ml),2962.0,3950.0,33.36
FENTY BEAUTY Pro Filt'r Soft Matte Foundation - 420 (32 ml),3320.0,3527.0,6.23
FENTY BEAUTY We're Even Hydrating Concealer - 170C (9 ml),2740.0,2911.0,6.24
Prada Reveal Skin Optimizing Foundation - DW75 Dark Warm (30 ml),6615.0,6247.0,-5.56
Too Faced Born This Way Foundation - Honey (30 ml),3160.0,3950.0,25.0
Estee Lauder Double Wear Sheer Flattery Loose Powder - Medium Soft Glow (9g),5400.0,6000.0,11.11
FENTY BEAUTY We're Even Hydrating Concealer - 440W (9 ml),2740.0,2911.0,6.24
Armani Power Fabric Concealer - 7 Deep (6 ml),3015.0,3350.0,11.11
FENTY BEAUTY Pro Filt'r Soft Matte Foundation - 490 (32 ml),3320.0,3527.0,6.23
FENTY BEAUTY Pro Filt'r Soft Matte Foundation - 120 (32 ml),3320.0,3527.0,6.23
Smashbox Always On Foundation - F30N (Level Three Fair With A Neutral Undertone) - (30Ml),2870.0,3075.0,7.14
FENTY BEAUTY Eaze Drop Blur + Smooth Tint Stick - 20 (9 g),3320.0,3527.0,6.23
FENTY BEAUTY Pro Filt'r Soft Matte Foundation - 480 (32 ml),3320.0,3527.0,6.23
Ras Luxury Skincare Radiance Glo-Tinttm Serum Skin Perfector - Ashwood (30 g),2242.0,2392.0,6.69
Charmacy Milano Prep & Set + Foundation 01 Combo,2726.0,2788.0,2.27
Swiss Beauty Select High On Cover Liquid Concealer - 4.0 Deep (5.5 ml),344.0,387.0,12.5
Armani Power Fabric Concealer - 5 Tan (6 ml),3015.0,3350.0,11.11
Renee Cosmetics Pro HD Concealer - Tan (8 g),570.0,592.0,3.86
Bobbi Brown Skin Concealer Stick - Chestnut (3 g),2760.0,3450.0,25.0
Clinique Even Better Clinical Vitamin Makeup Foundation with SPF 50 - Light Warm 3 (30 ml),3485.0,3690.0,5.88
Charmacy Milano Foundation 05 & Compact 04 Combo,1671.0,1709.0,2.27
M.A.C Studio Fix Fluid SPF 15 Foundation - NW45 (30 ml),3000.0,4000.0,33.33
FENTY BEAUTY Eaze Drop Blur + Smooth Tint Stick - 24 (9 g),3320.0,3527.0,6.23
Lakme 9to5 Hya Matte Foundation + Hyaluronic Acid - Cool Mocha (25 ml),584.0,539.0,-7.71
Clinique Even Better Clinical Vitamin Makeup Foundation with SPF 50 - Light Medium Cool 3 (30 ml),3485.0,3690.0,5.88
Lakme Fashionista's Fix Collection Combo,1450.0,1467.0,1.17
KIKO Milano Skin Lover Intensive Serum Foundation - 2WR Warm Rose (28 ml),1776.0,1881.0,5.91
Charmacy Milano Matte Foundation 02 +  True & False Mascara Combo,1490.0,1524.0,2.28
Clinique Even Better All-Over Concealer + Eraser - WN 125 Mahogany (6 ml),2635.0,2790.0,5.88
Clarins Skin Illusion Full Coverage Foundation - 112.3N (30 ml),3145.0,3330.0,5.88
Clinique Even Better Clinical Vitamin Makeup Foundation with SPF 50 - Light Medium Cool 4 (30 ml),3527.0,3735.0,5.9
Bobbi Brown Skin Full Cover Concealer - Walnut (8 ml),2917.0,3890.0,33.36
Too Faced Born This Way Soft Matte Foundation - Snow (30 ml),2962.0,3160.0,6.68
Estee Lauder Double Wear Sheer Flattery Loose Powder - Light Medium Matte (9g),5400.0,6000.0,11.11
FENTY BEAUTY Pro Filt'r Soft Matte Foundation - 185 (32 ml),3320.0,3527.0,6.23
Clarins Joli Loose Powder - 02 Universal Medium (15 g),2890.0,3060.0,5.88
M.A.C Pro Longwear Concealer - 40NW (9 ml),2680.0,3350.0,25.0
FENTY BEAUTY Eaze Drop Blur + Smooth Tint Stick - 17 (9 g),3320.0,3527.0,6.23
KIKO Milano Skin Lover Intensive Serum Foundation - 9.5NR Neutral Rose (28 ml),1776.0,1881.0,5.91
Smashbox Always On Foundation - D30W (Level Three Dark With A Warm Undertone) - (30Ml),3160.0,3950.0,25.0
KIKO Milano Instamoisture Liquid Foundation with SPF 25 - 9.5 Gold (30 ml),1351.0,1431.0,5.92
FENTY BEAUTY Eaze Drop Blur + Smooth Tint Stick - 21 (9 g),3320.0,3527.0,6.23
Benefit Cosmetics Glow-La-La Velvet Gleam Highlighter - Lumi (3 g),3600.0,4000.0,11.11
Estee Lauder Double Wear Sheer Flattery Loose Powder - Medium Matte (9g),4770.0,5300.0,11.11
Too Faced Born This Way Soft Matte Foundation - Porcelain (30 ml),2962.0,3160.0,6.68
FENTY BEAUTY Pro Filt'r Soft Matte Foundation - 498 (32 ml),3320.0,3527.0,6.23
FENTY BEAUTY Bright Fix Brightening Powder - Pumpkin 06 (7.95 g),3080.0,3272.0,6.23
FENTY BEAUTY We're Even Hydrating Concealer - 430W (9 ml),2740.0,2911.0,6.24
M.A.C Studio Radiance Serum Powered Foundation - NC47 (30ml),3225.0,4300.0,33.33
FENTY BEAUTY Eaze Drop Blur + Smooth Tint Stick - 19 (9 g),3320.0,3527.0,6.23
FENTY BEAUTY Pro Filt'r Soft Matte Foundation - 385 (32 ml),3320.0,3527.0,6.23
FENTY BEAUTY We're Even Hydrating Concealer - 470W (9 ml),2740.0,2911.0,6.24
M.A.C Studio Fix Powder Plus Foundation - NW43 (12 g),2550.0,3000.0,17.65
KIKO Milano Skin Lover Intensive Serum Foundation - 9NR Neutral Rose (28 ml),1776.0,1881.0,5.91
Clarins SOS Color Correcting Face Primer - Luminosity White (30 ml),2677.0,2835.0,5.9
FENTY BEAUTY Pro Filt'r Soft Matte Foundation - 485 (32 ml),3320.0,3527.0,6.23
Smashbox Always On Foundation - D10O (Level One Dark With An Olive Undertone) - (30Ml),3280.0,4100.0,25.0
FENTY BEAUTY We're Even Hydrating Concealer - 490N (9 ml),2740.0,2911.0,6.24
Clinique Even Better Clinical Vitamin Makeup Foundation with SPF 50 - Light Medium Cool 5 (30 ml),3485.0,3690.0,5.88
Clarins Skin Illusion Full Coverage Foundation - 110.5W (30 ml),3145.0,3330.0,5.88
Clarins Skin Illusion Full Coverage Foundation - 115C (30 ml),3145.0,3330.0,5.88
Bobbi Brown Bronzing Powder - Golden Natural (9 g),4360.0,5450.0,25.0
Clarins Skin Illusion Full Coverage Foundation - 114.5W (30 ml),3145.0,3330.0,5.88
M.A.C Studio Fix Powder Plus Foundation - N6.5 (12 g),2550.0,3000.0,17.65
Prada Reveal Skin Optimizing Foundation - LW25 Light Warm (30 ml),6615.0,6247.0,-5.56
FENTY BEAUTY We're Even Hydrating Concealer - 420W (9 ml),2740.0,2911.0,6.24
"Charmacy Milano Foundation 02, Concealer 01 & HD Compact 01 Combo",2286.0,2338.0,2.27
KIKO Milano Skin Lover Intensive Serum Foundation - 20N Neutral (28 ml),1776.0,1881.0,5.91
Clarins Skin Illusion Full Coverage Foundation - 112C (30 ml),3145.0,3330.0,5.88
Charmacy Milano Matte Foundation 02+ Power Lash Mascara + Ultra Thin Stoke Pen (Dark Brunette) Combo,2014.0,2060.0,2.28
Ras Luxury Skincare Radiance Glo-Tinttm Serum Skin Perfector - Chestnut (30 g),2242.0,2392.0,6.69
FENTY BEAUTY Pro Filt'r Soft Matte Foundation - 130 (32 ml),3320.0,3527.0,6.23
Ras Luxury Skincare Radiance Glo-Tinttm Serum Skin Perfector - Ebony (30 g),2242.0,2392.0,6.69
FENTY BEAUTY Pro Filt'r Soft Matte Foundation - 440 (32 ml),3320.0,3527.0,6.23
M.A.C Studio Radiance Serum Powered Foundation - NC63 (30 ml),3225.0,4300.0,33.33
FENTY BEAUTY Eaze Drop Blur + Smooth Tint Stick - 25 (9 g),3320.0,3527.0,6.23
Bobbi Brown Skin Full Cover Concealer - Almond (8 ml),2917.0,3890.0,33.36
Clarins Skin Illusion Full Coverage Foundation - 108.3N (30 ml),3145.0,3330.0,5.88
Clarins Skin Illusion Full Coverage Foundation - 108.5W (30 ml),3145.0,3330.0,5.88
FENTY BEAUTY We're Even Hydrating Concealer - 485C (9 ml),2740.0,2911.0,6.24
KIKO Milano Instamoisture Liquid Foundation with SPF 25 - 10 Rose (30 ml),1351.0,1431.0,5.92
Too Faced Born This Way Soft Matte Foundation - Spiced Rum (30 ml),2962.0,3160.0,6.68
Clarins Skin Illusion Full Coverage Foundation - 113C (30 ml),3145.0,3330.0,5.88
Too Faced Born This Way Soft Matte Foundation - Truffle (30 ml),2962.0,3160.0,6.68
Clarins Skin Illusion Full Coverage Foundation - 118.3W (30 ml),3145.0,3330.0,5.88
Charmacy Milano Matte Foundation 02 +  Power Lash Mascara Combo,1578.0,1614.0,2.28
RENEE 7-In-1 Face Base BB Cream SPF 30 - B02 Peanut (30ml),423.0,440.0,4.02
FENTY BEAUTY Pro Filt'r Soft Matte Foundation - 445 (32 ml),3320.0,3527.0,6.23
KIKO Milano Full Coverage Dark Circles Concealer - 10 - Rich Golden (8 ml),1062.0,1000.0,-5.84
